HEX_ID,TAZ,TRIPS
,1,3306
,2,5607
,3,44440
,4,5863
,5,7677
,6,4346
,7,18014
,8,2679
,9,2235
,10,83124
,11,1368
,12,457
,13,7711
,14,17992
,15,3145
,16,2782
,17,2034
,18,3461
,19,1866
,20,7482
,21,675
,22,1289
,23,280
,24,366
,25,8183
,26,20518
,27,2151
,28,16716
,29,139
,30,3796
,31,1311
,32,3130
,33,2584
,34,1456
,35,2566
,36,1372
,37,417
,38,2953
,39,6321
,40,3174
,41,56308
,42,11539
,43,8311
,44,18374
,45,53747
,46,6123
,47,10218
,48,6327
,49,1052
,50,1909
,51,1138
,52,34410
,53,19697
,54,44953
,55,20520
,56,19863
,57,11905
,58,79218
,59,65403
,60,13927
,61,136230
,62,14118
,63,31879
,64,7955
,65,2562
,66,10506
,67,19534
,68,33188
,69,101990
,70,47090
,71,39435
,72,28008
,73,8472
,74,13957
,75,33660
,76,36105
,77,54738
,78,21904
,79,46298
,80,57570
,81,9472
,82,19010
,83,9991
,84,20267
,85,113663
,86,54995
,87,142711
,88,27025
,89,23942
,90,39046
,91,31838
,92,16325
,93,10269
,94,46989
,95,45238
,96,36894
,97,71632
,98,43778
,99,7607
,100,9495
,101,99033
,102,51842
,103,16120
,104,84994
,105,3119
,106,74070
,107,44830
,108,30586
,109,3185
,110,2678
,111,27474
,112,4851
,113,9058
,114,34525
,115,4414
,116,1383
,117,38324
,118,42144
,119,72929
,120,40380
,121,9712
,122,100493
,123,52857
,124,98877
,125,39360
,126,17251
,127,6378
,128,12089
,129,4165
,130,68673
,131,74655
,132,41015
,133,10907
,134,6871
,135,87415
,136,848
,137,6464
,138,6418
,139,23946
,140,14197
,141,65706
,142,2878
,143,17459
,144,14487
,145,25463
,146,82896
,147,40170
,148,5090
,149,1351
,150,26816
,151,12664
,152,15800
,153,2740
,154,21442
,155,15563
,156,24947
,157,9034
,158,778
,159,12845
,160,3116
,161,21828
,162,16743
,163,25558
,164,9628
,165,10325
,166,25623
,167,15640
,168,28298
,169,19466
,170,173438
,171,88864
,172,27708
,173,34618
,174,48766
,175,5153
,176,47053
,177,32047
,178,12752
,179,2019
,180,18176
,181,12864
,182,36329
,183,4271
,184,23265
,185,18868
,186,17829
,187,1162
,188,9794
,189,4552
,190,17396
,191,2445
,192,13654
,193,4944
,194,8496
,195,70610
,196,76031
,197,51961
,198,69771
,199,65345
,200,10055
,201,10950
,202,45449
,203,228
,204,23235
,205,1563
,206,72274
,207,5009
,208,82620
,209,3306
,210,64047
,211,47051
,212,11338
,213,2429
,214,22263
,215,21877
,216,9223
,217,3464
,218,144
,219,4134
,220,51785
,221,67197
,222,687
,223,3748
,224,9118
,225,18179
,226,5377
,227,4311
,228,29815
,229,667
,230,511
,231,3759
,232,11689
,233,4117
,234,18467
,235,573
,236,4765
,237,7131
,238,16571
,239,25937
,240,60620
,241,24613
,242,1432
,243,57096
,244,53126
,245,15266
,246,90431
,247,54699
,248,124282
,249,22067
,250,14958
,251,10311
,252,2240
,253,838
,254,26140
,255,41709
,256,39470
,257,10392
,258,21796
,259,13717
,260,5169
,261,43596
,262,27283
,263,4287
,264,16454
,265,351
,266,1161
,267,2098
,268,6133
,269,872
,270,8263
,271,73366
,272,901
,273,3787
,274,17308
,275,4374
,276,11695
,277,441
,278,16570
,279,7632
,280,12377
,281,38522
,282,9452
,283,11185
,284,270
,285,24840
,286,79517
,287,229075
,288,15363
,289,141058
,290,26452
,292,1278
,293,21098
,294,1550
,295,13660
,296,81307
,297,173870
,298,6650
,299,593
,300,1448
,301,71441
,302,156016
,303,152418
,304,85418
,305,23224
,306,759
,307,12456
,308,7930
,309,4852
,310,11154
,311,52574
,312,18916
,313,2262
,314,100246
,315,49594
,316,3141
,317,12817
,318,1331
,319,42163
,320,2106
,321,926
,322,603
,323,762
,324,159
,325,1426
,326,10890
,327,41514
,328,47569
,329,9677
,330,21741
,331,1163
,332,2132
,333,20878
,334,9599
,335,2959
,336,47695
,337,32639
,338,43250
,339,13215
,340,51161
,341,41155
,342,60953
,343,68710
,344,7791
,345,36329
,346,203554
,347,112072
,348,9724
,349,8363
,350,14029
,351,4560
,352,26545
,353,25826
,354,625
,355,45645
,356,7814
,357,13613
,358,78528
,359,2216
,360,16000
,361,19559
,362,11846
,363,16819
,364,41798
,365,17188
,366,23936
,367,151948
,368,41979
,369,1482
,370,785
,371,3889
,372,8891
,373,15499
,374,4392
,375,19889
,376,18737
,377,478
,378,11985
,379,13098
,380,30318
,381,10494
,382,16367
,383,8758
,384,25053
,385,15908
,386,22147
,387,13477
,388,41376
,389,12399
,390,6909
,391,1601
,392,20097
,393,946
,394,2004
,395,1209
,396,1268
,397,16144
,398,23334
,399,29348
,400,21225
,401,7236
,402,4678
,403,4560
,404,2835
,405,1080
,406,10769
,407,1978
,408,1700
,409,9406
,410,6639
,411,25784
,412,3481
,413,477
,414,1451
,415,5380
,416,21497
,417,6729
,418,1834
,419,21135
,420,5450
,421,9875
,422,844
,423,4294
,424,14102
,425,23350
,426,1447
,428,26407
,429,4007
,430,12233
,431,863
,432,749
,433,9889
,434,13005
,435,19372
,436,13844
,437,5275
,438,1553
,439,1217
,440,816
,441,1584
,442,237
,443,24505
,444,793
,445,19782
,446,329
,447,8416
,448,14733
,449,11226
,450,2651
,451,6037
,452,1422
,453,1188
,454,5306
,455,6816
,456,21464
,457,2302
,458,733
,459,2821
,460,13472
,461,2403
,462,9731
,463,815
,464,38321
,465,1656
,466,19134
,467,15268
,468,556
,469,1434
,470,4716
,471,4715
,472,1684
,473,5345
,474,15707
,475,490
,476,23802
,477,8206
,478,7732
,479,5198
,480,7358
,481,529
,482,17172
,483,2239
,484,322975
,485,474
,486,80052
,487,1734
,488,66069
,489,7398
,490,6226
,491,9356
,492,10064
,493,34502
,494,15806
,495,37418
,496,36838
,497,11417
,498,624
,499,1909
,500,5849
,501,21162
,502,4710
,503,32304
,504,7739
,505,15109
,506,6332
,507,2759
,508,7607
,509,4658
,510,1481
,511,70974
,512,20742
,513,21080
,514,36380
,515,20366
,516,11993
,517,43793
,518,1519
,519,5836
,520,31073
,521,7746
,522,14818
,523,3345
,524,31610
,525,16637
,526,11872
,527,5718
,528,10016
,529,5366
,530,5338
,531,1426
,532,897
,533,9366
,534,23388
,535,1002
,536,1779
,537,6482
,538,62567
,539,4909
,540,8982
,541,23668
,542,26175
,543,3880
,544,70315
,545,946
,546,49196
,547,166607
,548,130886
,549,22150
,550,17369
,551,6413
,552,52472
,553,76351
,554,95722
,555,8430
,556,1968
,557,25923
,558,3926
,559,2214
,560,8223
,561,5285
,562,12798
,563,3790
,564,15213
,565,30894
,566,1463
,567,2529
,568,4690
,569,5476
,570,1182
,571,5307
,572,32196
,573,45983
,574,18200
,575,12331
,576,18205
,577,8302
,578,5225
,579,17414
,580,1853
,581,16875
,582,1079
,583,3
,584,4127
,585,5971
,586,1312
,587,9193
,588,2364
,589,5002
,590,18115
,591,4985
,592,3621
,593,46191
,594,2188
,595,2263
,596,2430
,597,2763
,598,4688
,599,6138
,600,2294
,601,4698
,602,5634
,603,45409
,604,9448
,605,992
,606,1167
,607,44801
,608,1140
,609,7378
,610,13921
,611,4498
,612,630
,613,10196
,614,9208
,615,6909
,616,4668
,617,8370
,618,2440
,619,1698
,620,736
,621,986
,622,1182
,623,362
,624,3211
,625,1951
,626,1616
,627,147
,628,1108
,629,8558
,630,4190
,631,1306
,632,7621
,633,4997
,634,12951
,635,544
,636,5842
,637,12577
,638,2271
,639,11032
,640,3611
,641,2188
,642,9128
,643,4271
,644,3416
,645,3354
,646,3426
,647,9421
,648,2119
,649,6195
,650,2984
,651,2849
,652,16155
,653,3465
,654,4571
,655,896
,656,2801
,657,1521
,658,129397
,659,1571
,660,1713
,662,8015
,663,1223
,664,12120
,665,275004
,666,146572
,667,19715
,668,4614
,669,530
,670,60063
,671,3632
,672,539
,673,1864
,674,62058
,675,65486
,676,26558
,677,855
,678,119103
,679,13739
,680,177699
,681,23717
,682,18415
,683,11179
,684,9996
,685,12856
,686,13863
,687,5762
,688,8663
,689,2968
,690,4280
,691,6959
,692,71121
,693,13816
,694,4077
,695,118747
,696,549
,697,335
,698,2139
,699,7342
,700,1564
,701,13638
,702,36671
,703,99176
,704,106
,705,41680
,706,12192
,707,5288
,708,9260
,709,2814
,710,4814
,711,9508
,712,9313
,713,2726
,714,12759
,715,91071
,716,9991
,717,8304
,718,15923
,719,23104
,720,767
,721,808
,722,1213
,723,5065
,724,1699
,725,8212
,726,5327
,727,99066
,728,61522
,729,27988
,730,4979
,731,146
,732,8669
,733,20417
,734,5776
,735,78987
,736,5091
,737,24279
,738,1835
,739,1786
,740,32943
,741,2249
,742,735
,743,7270
,744,31285
,745,7518
,746,416
,747,33255
,748,53689
,749,28792
,750,67320
,751,8434
,752,18874
,753,14828
,754,1360
,755,12684
,756,1461
,757,6031
,758,1360
,759,65659
,760,11277
,761,10969
,762,13284
,763,8424
,764,46064
,765,9089
,766,14903
,767,8930
,768,166
,769,1133
,770,16023
,771,763
,772,2030
,773,35894
,775,3446
,776,4620
,777,42961
,779,1338
,780,2196
,781,5546
,782,1889
,783,12912
,784,2676
,785,2908
,786,3724
,787,21783
,788,2707
,789,15043
,790,1403
,791,5909
,792,1718
,793,1250
,794,4946
,796,988
,797,400
,798,1716
,799,3570
,800,4846
,801,496
,802,1817
,803,5037
,804,753
,805,882
,806,114
,807,188
,808,4756
,809,367
,810,11259
,811,281
,812,5693
,813,786
,814,8679
,815,2690
,816,1354
,817,2192
,818,1455
,819,1451
,820,957
,821,5361
,822,13677
,823,1962
,824,5359
,825,1644
,826,1301
,827,3490
,828,3056
,829,934
,830,8062
,831,513
,832,1596
,833,1125
,834,12476
,835,380
,836,11409
,837,3031
,838,2486
,839,1927
,840,232
,841,12991
,842,25507
,843,9523
,844,751
,845,2023
,846,10375
,847,8120
,848,5492
,849,12979
,850,7018
,851,2150
,852,7258
,853,6859
,854,8872
,855,13404
,856,4705
,857,12839
,858,11470
,859,402
,860,3546
,861,6912
,862,4195
,863,650
,864,45874
,865,1511
,866,2192
,867,7406
,868,267
,869,9369
,870,4970
,871,1640
,872,4986
,873,6169
,874,13850
,875,1858
,876,985
,877,533
,878,1731
,879,9370
,880,12600
,881,1529
,882,233
,883,12520
,884,1767
,885,3239
,886,1628
,887,1397
,888,9719
,889,3106
,890,663
,891,6342
,892,417
,893,20234
,894,1734
,895,803
,896,1055
,897,169
,898,15128
,899,12747
,900,20468
,901,1014
,902,4422
,903,6226
,904,13757
,905,15936
,906,628
,907,1807
,908,1396
,909,1750
,910,1029
,911,7285
,912,6051
,913,15571
,914,20414
,915,14525
,916,9733
,917,16080
,918,3856
,919,10208
,920,13973
,921,7211
,922,5120
,923,1098
,924,2388
,925,2682
,926,789
,927,2417
,928,3465
,929,4148
,930,16037
,931,11755
,932,3651
,933,21761
,934,59539
,935,4619
,936,4380
,937,3889
,938,22593
,939,3420
,940,7211
,941,1377
,942,26
,943,540
,944,13512
,945,2677
,946,788
,947,925
,948,690
,949,10071
,950,2645
,951,12595
,952,5420
,953,4339
,954,11948
,955,4169
,956,938
,957,8315
,958,16091
,959,67174
,960,892
,961,2436
,962,2121
,963,1268
,964,2580
,965,4862
,966,5185
,967,1522
,968,1075
,969,196
,970,1953
,971,934
,972,7817
,973,49064
,974,697
,975,43714
,976,1865
,977,2234
,978,24939
,979,13692
,980,1343
,981,1037
,982,1997
,983,3279
,984,3574
,985,3840
,986,12921
,987,4638
,988,2439
,989,7914
,990,1010
,991,2064
,992,3862
,993,2319
,994,9487
,995,2143
,996,10234
,997,7039
,998,1059
,999,2342
,1000,1327
,1001,13458
,1002,1626
,1003,11090
,1004,4878
,1005,1709
,1006,1931
,1007,5768
,1008,1931
,1009,33544
,1010,1712
,1011,19824
,1012,3036
,1013,16
,1014,2066
,1015,128
,1016,3166
,1017,5905
,1018,439
,1019,1341
,1020,406
,1021,29509
,1022,59237
,1023,4770
,1024,4393
,1025,5125
,1026,807
,1027,104
,1028,15037
,1029,292
,1030,1489
,1031,1576
,1032,4783
,1033,1878
,1034,10444
,1035,6273
,1036,514
,1037,125
,1038,14519
,1039,31762
,1040,13785
,1041,1437
,1042,12896
,1043,96130
,1044,14054
,1045,6153
,1046,1786
,1047,5390
,1048,1038
,1049,27158
,1050,7417
,1051,16456
,1052,2978
,1053,8351
,1054,2354
,1055,1647
,1056,3342
,1057,1583
,1058,13042
,1059,1431
,1060,3908
,1061,12739
,1062,649
,1063,18141
,1064,536
,1065,1443
,1066,5009
,1067,3491
,1068,15415
,1069,22905
,1070,12407
,1071,843
,1072,3149
,1073,3732
,1074,3650
,1075,36015
,1076,1750
,1077,1810
,1078,7222
,1079,10969
,1080,6026
,1081,5047
,1082,476
,1083,6615
,1084,11320
,1085,491
,1086,2299
,1087,9550
,1088,1801
,1089,3505
,1090,1381
,1091,17253
,1092,1490
,1093,670
,1094,4118
,1095,1689
,1096,389
,1097,29746
,1098,668
,1099,642
,1100,1998
,1101,13028
,1102,25688
,1103,6098
,1104,2156
,1105,21200
,1106,427
,1107,2310
,1108,4304
,1109,3779
,1110,3238
,1111,2193
,1112,10201
,1113,28348
,1114,6545
,1115,5416
,1116,59019
,1117,2002
,1118,1869
,1119,6171
,1120,9818
,1121,5012
,1122,9662
,1123,10002
,1124,56462
,1125,10310
,1126,3773
,1127,8573
,1128,6019
,1129,35884
,1130,56306
,1131,52230
,1132,19073
,1133,302584
,1135,15492
,1136,74124
,1137,14334
,1138,10606
,1139,3281
,1140,25402
,1141,67
,1142,807
,1143,326
,1144,1111
,1145,42919
,1146,12520
,1147,26438
,1148,26159
,1149,338
,1150,46
,1151,351
,1152,25450
,1153,4193
,1154,1275
,1155,33309
,1156,8999
,1157,9945
,1158,2457
,1159,4271
,1160,25160
,1161,1867
,1162,48751
,1163,31385
,1164,2435
,1165,11310
,1166,2994
,1167,2873
,1168,4575
,1169,807
,1170,44190
,1171,60999
,1172,34882
,1173,4431
,1174,49550
,1175,18875
,1176,5706
,1177,52723
,1178,50288
,1179,7999
,1180,7890
,1181,7781
,1182,7525
,1183,24965
,1184,17902
,1185,28163
,1186,8944
,1187,42111
,1188,17999
,1189,1172
,1190,18047
,1191,19
,1192,4240
,1193,9851
,1194,6169
,1195,12050
,1196,2071
,1197,36354
,1198,7491
,1199,21566
,1200,22277
,1201,17816
,1202,61
,1203,68
,1204,38817
,1205,29717
,1206,11196
,1207,56186
,1208,2086
,1209,1272
,1210,20382
,1211,12312
,1212,10449
,1213,7975
,1214,5757
,1215,88679
,1216,190
,1217,8487
,1218,9294
,1219,6997
,1220,2677
,1221,7556
,1222,93
,1223,50
,1224,2526
,1225,444
,1226,2564
,1227,3861
,1228,1922
,1229,4654
,1230,21271
,1231,2087
,1232,978
,1233,4673
,1234,489
,1235,82596
,1236,2354
,1238,4222
,1239,32779
,1240,13892
,1241,19181
,1242,35170
,1243,4893
,1244,32109
,1245,98249
,1246,26568
,1247,4244
,1248,4336
,1249,4110
,1250,8817
,1251,20
,1252,23667
,1253,60160
,1254,605
,1255,91
,1256,8387
,1257,4013
,1258,322
,1259,36
,1260,1350
,1261,147
,1262,236
,1263,166
,1264,159
,1265,470
,1266,4888
,1267,3128
,1268,9
,1269,621
,1270,103
,1271,307
,1272,627
,1273,2309
,1274,7730
,1275,14719
,1276,190
,1277,60
,1278,7076
,1279,284
,1280,612
,1281,46
,1282,106
,1283,236
,1284,43
,1285,366
,1286,222
,1287,1235
,1288,75
,1289,56
,1290,23
,1291,913
,1292,100
,1293,70
,1294,2002
,1295,2814
,1296,357
,1297,3734
,1298,24644
,1299,16363
,1300,54528
,1301,10168
,1302,6861
,1303,89929
,1304,64512
,1305,13429
,1306,4278
,1307,4536
,1308,4818
,1309,1165
,1310,20581
,1311,9372
,1312,183
,1313,48218
,1314,22782
,1315,40318
,1316,23561
,1317,179305
,1318,5808
,1319,12764
,1320,73585
,1321,105973
,1322,58672
,1323,92979
,1324,54840
,1325,114627
,1326,7378
,1327,2549
,1328,27476
,1329,18959
,1330,4157
,1331,9107
,1332,7321
,1333,3807
,1334,25979
,1335,35312
,1336,6909
,1337,19503
,1338,1554
,1339,1415
,1340,40098
,1341,13031
,1342,18713
,1343,730
,1344,8491
,1345,37987
,1346,23343
,1347,14808
,1348,13130
,1349,10523
,1350,74793
,1351,3193
,1352,32158
,1353,17739
,1354,42301
,1355,47780
,1356,3455
,1357,20637
,1358,17566
,1359,44
,1360,18177
,1361,32885
,1362,10481
,1363,8736
,1364,7102
,1365,13677
,1366,380
,1367,2494
,1368,75197
,1369,786
,1370,10023
,1371,19831
,1372,19853
,1373,34479
,1374,13797
,1375,9074
,1376,61109
,1377,6711
,1378,9383
,1379,50466
,1380,88734
,1381,14187
,1382,9272
,1383,46764
,1384,9378
,1385,28414
,1386,7703
,1387,15230
,1388,120415
,1390,5587
,1391,19888
,1392,15291
,1393,6390
,1394,12288
,1395,4202
,1396,11398
,1397,8751
,1398,84205
,1399,8537
,1400,7709
,1401,3354
,1402,2665
,1403,3811
,1404,25834
,1405,3720
,1406,32464
,1407,11746
,1408,25858
,1409,15225
,1410,5623
,1411,33309
,1412,31272
,1413,2533
,1414,22720
,1415,16968
,1416,3202
,1417,4088
,1418,70586
,1419,7350
,1420,8926
,1421,5610
,1422,2418
,1423,6197
,1424,43432
,1425,14114
,1426,11514
,1427,96878
,1428,228
,1429,7126
,1430,14081
,1431,47434
,1432,12994
,1433,8164
,1434,13022
,1435,2476
,1436,31198
,1437,67389
,1438,13316
,1439,4543
,1440,903
,1441,13277
,1442,47039
,1443,8493
,1444,28716
,1445,29007
,1446,48313
,1447,6388
,1448,3209
,1449,7725
,1450,39773
,1451,21789
,1452,29110
,1453,31197
,1454,19515
,1455,15943
,1456,48433
,1457,35634
,1458,30842
,1459,7323
,1460,17427
,1461,39132
,1462,36605
,1463,642
,1464,11993
,1465,5808
,1466,5871
,1467,13180
,1468,9082
,1469,12008
,1470,14456
,1471,50516
,1472,8140
,1473,37497
,1474,38579
,1475,39920
,1476,52364
,1477,8340
,1478,36226
,1479,35867
,1480,5418
,1481,12152
,1482,970
,1483,3784
,1484,25571
,1485,10341
,1486,3415
,1487,18186
,1488,1917
,1489,9299
,1490,4144
,1491,10987
,1492,1013
,1493,1747
,1494,8649
,1495,26473
,1496,6272
,1497,12668
,1498,46243
,1499,11874
,1500,8899
,1501,45422
,1502,8098
,1503,29543
,1504,28581
,1505,24776
,1506,13246
,1507,19056
,1508,1775
,1509,13229
,1510,5266
,1511,23569
,1512,11255
,1513,20509
,1514,15675
,1515,1569
,1516,1548
,1517,13907
,1518,17439
,1519,33220
,1520,6794
,1521,379
,1522,2678
,1523,10096
,1524,99133
,1525,92878
,1526,1861
,1527,1103
,1528,1710
,1529,19868
,1530,8739
,1531,7511
,1532,11900
,1533,4503
,1534,31822
,1535,8633
,1536,50293
,1537,39766
,1538,6111
,1539,2305
,1540,94518
,1541,12212
,1542,15136
,1543,4779
,1544,11076
,1545,3335
,1546,5602
,1547,4551
,1548,29603
,1549,23960
,1550,21044
,1551,19788
,1552,18082
,1553,49792
,1554,15435
,1555,10618
,1556,14369
,1557,17800
,1558,11780
,1559,18601
,1560,77857
,1561,58482
,1562,9983
,1563,29153
,1564,38240
,1565,28230
,1566,14146
,1567,1139
,1568,22834
,1569,25020
,1570,3663
,1571,1638
,1572,2125
,1573,7422
,1574,21316
,1575,36312
,1576,112832
,1577,4131
,1578,3855
,1579,27958
,1580,136145
,1581,34748
,1582,125573
,1583,608297
,1584,3812
,1585,2431
,1586,4323
,1587,14562
,1588,1375
,1589,1367
,1590,5881
,1591,3342
,1592,1558
,1593,3859
,1594,749
,1595,5710
,1596,21278
,1597,289
,1598,717
,1599,706
,1600,3629
,1601,170
,1602,73
,1603,11579
,1604,36230
,1605,25161
,1606,28093
,1607,17422
,1608,25749
,1609,873
,1610,14074
,1611,991
,1612,1112
,1613,18340
,1614,3588
,1615,1559
,1616,405
,1617,1603
,1618,13711
,1619,16469
,1620,10829
,1621,16131
,1622,11128
,1623,14168
,1624,17866
,1625,19496
,1626,1847
,1627,2466
,1628,26978
,1629,41142
,1630,17161
,1631,15190
,1632,689
,1633,502
,1634,347
,1635,1992
,1636,1510
,1637,1194
,1638,4495
,1639,885
,1640,2885
,1641,2230
,1642,359
,1643,1086
,1644,2053
,1645,19328
,1646,3578
,1647,591
,1648,5581
,1649,496
,1650,18449
,1651,4747
,1652,11716
,1653,1634
,1654,1057
,1655,8522
,1656,11667
,1657,5006
,1658,5843
,1659,635
,1660,2011
,1661,2709
,1662,18683
,1663,6198
,1664,17643
,1665,1621
,1666,1426
,1667,3921
,1668,2356
,1669,13018
,1670,270
,1671,6899
,1672,15646
,1673,31813
,1674,9529
,1675,3064
,1676,630
,1677,7111
,1678,10178
,1679,4688
,1680,8057
,1681,7238
,1682,7493
,1683,677
,1684,5911
,1685,282
,1686,603
,1687,7737
,1688,2709
,1689,10371
,1690,4549
,1691,20167
,1692,2671
,1693,6033
,1694,832
,1695,19260
,1696,7450
,1697,2060
,1698,23312
,1699,2100
,1700,5199
,1701,10476
,1702,4153
,1703,64
,1704,18150
,1705,4392
,1706,674
,1707,8208
,1708,9268
,1709,1024
,1710,1631
,1711,19196
,1712,6942
,1713,16044
,1714,23729
,1715,750
,1716,17904
,1717,2249
,1718,3786
,1719,642
,1720,10951
,1721,383
,1722,9374
,1723,8625
,1724,15392
,1725,10361
,1726,12314
,1727,2371
,1728,5157
,1729,1710
,1730,22500
,1731,3700
,1732,1899
,1733,16422
,1734,15468
,1735,8080
,1736,3872
,1737,4751
,1738,12203
,1739,9146
,1740,1592
,1741,18356
,1742,3570
,1743,11780
,1744,2238
,1745,52933
,1746,14910
,1747,17461
,1748,13977
,1749,41881
,1750,21214
,1751,4999
,1752,588
,1753,32371
,1754,4066
,1755,25330
,1756,982
,1757,7414
,1758,33053
,1759,2367
,1760,11113
,1761,1459
,1762,201
,1763,18155
,1764,10361
,1765,4769
,1766,16548
,1767,27780
,1768,8444
,1769,1340
,1770,2595
,1771,47406
,1772,103
,1773,33830
,1774,4413
,1775,17764
,1776,661
,1777,13893
,1778,2562
,1779,8965
,1780,35869
,1781,23692
,1782,19220
,1783,40144
,1784,3730
,1785,7865
,1786,2349
,1787,23675
,1788,4165
,1789,4658
,1790,30463
,1791,14798
,1792,13143
,1793,7778
,1794,33694
,1795,31254
,1796,3810
,1797,7864
,1798,14574
,1799,34419
,1800,57009
,1801,53373
,1802,17692
,1803,8320
,1804,10276
,1805,29048
,1806,37916
,1807,26105
,1808,17357
,1809,16828
,1810,25003
,1811,3951
,1812,3604
,1813,4388
,1814,21729
,1815,3603
,1816,9632
,1817,5115
,1818,13650
,1819,8382
,1820,3415
,1821,31047
,1822,55692
,1823,33517
,1824,22282
,1825,8242
,1826,4881
,1827,602
,1828,4596
,1829,5219
,1830,1960
,1831,6410
,1832,698
,1833,16386
,1834,1222
,1835,88
,1836,1236
,1837,248
,1838,3758
,1839,9267
,1840,58495
,1841,5526
,1842,2358
,1843,5683
,1844,3368
,1845,3866
,1846,2061
,1847,2779
,1848,1856
,1849,10932
,1850,2997
,1851,4273
,1852,18600
,1853,66570
,1854,14069
,1855,1564
,1856,518
,1857,1085
,1858,2358
,1859,2129
,1860,4369
,1861,2267
,1862,50781
,1863,1082
,1864,39719
,1865,5119
,1866,312
,1867,17986
,1868,51034
,1869,24533
,1870,1388
,1871,1680
,1872,12946
,1873,4515
,1874,674
,1875,1565
,1876,16246
,1877,39692
,1878,3356
,1879,3250
,1880,9530
,1881,60414
,1882,543
,1883,25956
,1884,3461
,1885,2804
,1886,43826
,1887,1402
,1888,598
,1889,2375
,1890,5085
,1891,8115
,1892,783
,1893,20062
,1894,3137
,1895,43339
,1896,28533
,1897,50463
,1898,1192
,1899,3025
,1900,2627
,1901,2239
,1902,376
,1903,7868
,1904,2527
,1905,2330
,1906,7935
,1907,2294
,1908,1377
,1909,1411
,1910,3981
,1911,1052
,1912,39318
,1913,26773
,1914,2196
,1915,923
,1916,5176
,1917,6015
,1918,16875
,1919,20808
,1920,463
,1921,6019
,1922,22272
,1923,15163
,1924,1530
,1925,1609
,1926,2714
,1927,134
,1928,2377
,1929,2390
,1930,20214
,1931,99323
,1932,13334
,1933,15061
,1934,2634
,1935,4470
,1936,3435
,1937,15542
,1938,6844
,1939,6498
,1940,7733
,1941,3333
,1942,20075
,1943,15495
,1944,5197
,1945,3035
,1946,14954
,1947,1397
,1948,20585
,1949,14468
,1950,2204
,1951,872
,1952,5762
,1953,3433
,1954,25047
,1955,4187
,1956,11126
,1957,52796
,1958,5607
,1959,24711
,1960,4053
,1961,11288
,1962,9566
,1963,28818
,1964,17090
,1965,5466
,1966,10579
,1967,10100
,1968,8252
,1969,10523
,1970,996
,1971,6055
,1972,29733
,1974,18575
,1975,4279
,1976,21864
,1977,1322
,1978,59506
,1979,1739
,1980,32710
,1981,20118
,1982,12533
,1983,300
,1984,21623
,1985,44155
,1986,326
,1987,18484
,1988,49023
,1989,21097
,1990,9257
,1991,10444
,1992,64311
,1993,36224
,1994,32625
,1995,58037
,1996,5234
,1997,62294
,1998,14089
,1999,70504
,2000,17627
,2001,35420
,2002,1728
,2003,272152
,2004,6935
,2005,27597
,2006,10870
,2007,7586
,2008,14169
,2009,15506
,2010,34093
,2011,14272
,2012,14653
,2013,23877
,2014,29831
,2015,86194
,2016,42875
,2017,37764
,2018,34571
,2019,8497
,2020,61496
,2021,5181
,2022,6571
,2023,12835
,2024,2331
,2025,5875
,2026,49787
,2027,50542
,2028,32033
,2029,7809
,2030,17976
,2031,5191
,2032,60774
,2033,10364
,2034,16925
,2035,48127
,2036,36193
,2037,41057
,2038,14566
,2039,10951
,2040,13385
,2041,2166
,2042,4364
,2043,4952
,2044,1416
,2045,9386
,2046,21551
,2047,7534
,2048,17007
,2049,9933
,2050,42163
,2051,3414
,2052,3352
,2053,4270
,2054,14607
,2055,11099
,2056,27769
,2057,25405
,2058,3935
,2059,3088
,2060,28869
,2061,4155
,2062,2741
,2063,2735
,2064,66478
,2065,32639
,2066,17531
,2067,18240
,2068,15411
,2069,10571
,2070,6711
,2071,1312
,2072,27842
,2073,10307
,2074,58283
,2075,2844
,2076,24471
,2077,1184
,2078,11295
,2079,5734
,2080,6994
,2081,5155
,2082,21541
,2083,9449
,2084,28732
,2085,2194
,2086,2769
,2087,9194
,2088,6614
,2089,856
,2090,8905
,2091,7018
,2092,761
,2093,2767
,2094,9153
,2095,502
,2096,15732
,2097,2301
,2098,8005
,2099,13073
,2100,3475
,2101,11861
,2102,566
,2103,10375
,2104,6569
,2105,12572
,2106,3073
,2107,152
,2108,22392
,2109,2239
,2110,33077
,2111,1482
,2112,2834
,2113,3490
,2114,424
,2115,19185
,2116,10711
,2117,6961
,2118,2657
,2119,14720
,2120,18607
,2121,2276
,2122,3798
,2123,1088
,2124,73079
,2125,14174
,2126,28150
,2127,30566
,2128,18435
,2129,31678
,2130,27023
,2131,4424
,2132,2121
,2133,2812
,2134,1152
,2135,5420
,2136,10126
,2137,8973
,2138,4511
,2139,1393
,2140,13327
,2141,1844
,2142,62711
,2143,14862
,2144,10639
,2145,41787
,2146,18682
,2147,18562
,2148,31933
,2149,6577
,2150,5693
,2151,3418
,2152,11412
,2153,3574
,2154,7716
,2155,40663
,2156,25940
,2157,4951
,2158,5122
,2159,4926
,2160,15050
,2161,24886
,2162,29671
,2163,6437
,2164,159954
,2165,4634
,2166,1718
,2167,120971
,2168,15064
,2169,145522
,2170,6690
,2171,27155
,2172,106389
,2173,29986
,2174,5797
,2175,16521
,2176,35513
,2177,6043
,2178,12087
,2179,5542
,2180,1302
,2181,7677
,2182,12225
,2183,17987
,2184,14733
,2185,23200
,2186,26197
,2187,2509
,2188,154125
,2189,2981
,2190,2644
,2191,3091
,2192,1213
,2193,10632
,2195,11894
,2196,46267
,2197,17721
,2198,22787
,2199,41488
,2200,29225
,2201,35210
,2202,27385
,2203,14198
,2204,1277
,2205,18419
,2206,25468
,2207,28273
,2208,5673
,2209,27285
,2210,86784
,2211,25544
,2212,45265
,2213,1292
,2214,8718
,2215,14846
,2216,31036
,2217,2173
,2218,3878
,2219,26518
,2220,16690
,2221,635
,2222,39876
,2223,10626
,2224,8331
,2225,892
,2226,26106
,2227,981
,2228,3666
,2229,58068
,2230,3301
,2231,1639
,2232,16746
,2233,15714
,2234,3867
,2235,2636
,2236,21540
,2237,66465
,2238,3223
,2239,23469
,2240,27961
,2241,14777
,2242,518
,2243,9142
,2244,9443
,2245,19628
,2246,3642
,2247,21027
,2248,3262
,2249,57117
,2250,15865
,2251,29985
,2252,1349
,2253,45555
,2254,30702
,2255,5218
,2256,4492
,2257,25234
,2258,2848
,2259,3090
,2260,9067
,2261,5183
,2262,40443
,2263,78169
,2264,142894
,2265,4836
,2266,23987
,2267,11918
,2268,4065
,2269,8690
,2270,12465
,2271,4271
,2272,27794
,2273,68046
,2274,36618
,2275,57079
,2276,17305
,2277,21128
,2278,34020
,2279,22822
,2280,423
,2281,239
,2282,27565
,2283,4820
,2284,13471
,2285,34604
,2286,6336
,2287,6095
,2288,71308
,2289,6234
,2290,31116
,2291,4091
,2292,3736
,2293,36567
,2294,91397
,2295,19680
,2296,34537
,2297,1561
,2298,21474
,2299,7493
,2300,30769
,2301,9979
,2302,4776
,2303,479
,2304,4219
,2305,58243
,2306,16712
,2307,13806
,2308,6768
,2309,59997
,2310,39834
,2311,32008
,2312,52096
,2313,48502
,2314,108289
,2315,18263
,2316,49085
,2317,17922
,2318,13286
,2319,29799
,2320,11204
,2321,140130
,2322,34005
,2324,20084
,2325,8333
,2326,6280
,2327,1007
,2328,41751
,2329,133681
,2330,84534
,2331,27362
,2332,64647
,2333,2201
,2334,30139
,2335,70523
,2336,109882
,2337,43944
,2338,84756
,2339,45511
,2340,2386
,2341,5567
,2342,8438
,2343,17628
,2344,29499
,2345,66018
,2346,12996
,2347,6168
,2348,790
,2349,18164
,2350,39884
,2351,647
,2352,142940
,2353,15170
,2354,95411
,2355,59212
,2356,67882
,2357,23888
,2358,74779
,2359,6225
,2360,912
,2361,14920
,2362,31500
,2363,35223
,2364,4710
,2365,16069
,2366,230
,2367,5646
,2368,7137
,2369,7461
,2370,6034
,2371,20731
,2372,3071
,2373,8626
,2374,24645
,2375,16307
,2376,40155
,2377,86665
,2378,26515
,2379,37689
,2380,2595
,2381,9256
,2382,8233
,2383,1377
,2384,5658
,2385,11910
,2386,17078
,2387,6791
,2388,12255
,2389,7085
,2390,14831
,2391,3333
,2392,8030
,2393,12577
,2394,50394
,2395,54216
,2396,6551
,2397,17914
,2398,23551
,2399,105682
,2400,15563
,2401,4399
,2402,1482
,2403,30217
,2404,17901
,2405,6324
,2406,5096
,2407,1921
,2408,3862
,2409,53157
,2410,3422
,2411,29505
,2412,22197
,2413,6948
,2414,4838
,2415,2015
,2416,808
,2417,18750
,2418,5640
,2419,22932
,2420,51435
,2421,4608
,2422,17598
,2423,5224
,2424,103187
,2425,18363
,2426,35053
,2427,2375
,2428,41382
,2429,28197
,2430,2364
,2431,290
,2432,663
,2433,56336
,2434,2259
,2435,859
,2436,12145
,2437,9197
,2438,1996
,2439,4647
,2440,372
,2441,1099
,2442,135
,2443,1973
,2444,10976
,2445,11506
,2446,18447
,2447,10440
,2448,22299
,2449,1374
,2450,4445
,2451,83
,2452,4359
,2453,5367
,2454,59504
,2455,8487
,2456,6919
,2457,1525
,2458,4035
,2459,12421
,2460,3609
,2461,29457
,2462,558
,2463,13394
,2464,6082
,2465,1049
,2466,21903
,2467,8528
,2468,7106
,2469,4950
,2470,6241
,2471,31779
,2472,55400
,2473,433
,2474,2552
,2475,6161
,2476,22680
,2477,4005
,2478,2358
,2479,3782
,2480,5733
,2481,7279
,2482,20888
,2483,4800
,2484,23001
,2485,14202
,2486,42104
,2487,2996
,2488,827
,2489,31410
,2490,7705
,2491,6618
,2492,34665
,2493,16884
,2494,14059
,2495,5721
,2496,8768
,2497,32421
,2498,6147
,2499,50899
,2500,1865
,2501,8035
,2502,12292
,2503,19310
,2504,6144
,2505,27412
,2506,9647
,2507,20222
,2508,11906
,2509,8263
,2510,6711
,2511,23153
,2512,4901
,2513,12727
,2514,3192
,2515,16117
,2516,21682
,2517,165589
,2518,233600
,2519,35894
,2520,21133
,2521,77527
,2522,62669
,2523,31427
,2524,62719
,2525,45902
,2526,8973
,2527,27996
,2528,5320
,2529,15891
,2530,97851
,2531,4018
,2532,14467
,2533,14631
,2534,6332
,2535,35443
,2536,57927
,2537,12887
,2538,85186
,2539,7940
,2540,29180
,2541,50219
,2542,3855
,2543,7813
,2544,10035
,2545,18027
,2546,49634
,2547,7922
,2548,74927
,2549,45193
,2550,37871
,2551,22732
,2552,10832
,2553,75891
,2554,70385
,2555,54950
,2556,58179
,2557,58256
,2558,2196
,2559,17564
,2560,30416
,2561,21675
,2562,13862
,2563,40745
,2564,6142
,2565,3148
,2566,35918
,2567,39779
,2568,39481
,2569,13399
,2570,54923
,2571,31626
,2572,21336
,2573,92108
,2574,14473
,2575,8960
,2576,69052
,2577,6023
,2578,14137
,2579,9366
,2580,12980
,2581,133492
,2582,20030
,2583,76894
,2584,17637
,2585,36839
,2586,97004
,2587,12001
,2588,4646
,2589,101
,2590,6303
,2591,17929
,2592,22777
,2593,116294
,2594,58934
,2595,1516
,2596,1030
,2597,2768
,2598,48104
,2599,6010
,2600,5788
,2601,4704
,2602,2241
,2603,8876
,2604,49444
,2605,2852
,2606,27046
,2607,5182
,2608,1161
,2609,3606
,2610,6635
,2611,10180
,2612,4279
,2613,9127
,2614,29364
,2615,8047
,2616,105666
,2617,3202
,2618,46096
,2619,28729
,2620,1658
,2621,21044
,2622,4547
,2623,3355
,2624,3387
,2625,15797
,2626,9834
,2627,4757
,2628,34672
,2629,38084
,2630,8377
,2631,30309
,2632,24765
,2633,7495
,2634,1791
,2635,7740
,2636,9455
,2637,18221
,2638,55438
,2639,8949
,2640,78603
,2641,32559
,2642,24858
,2643,60002
,2644,22544
,2645,23366
,2646,9702
,2647,10283
,2648,16006
,2649,12580
,2650,4655
,2651,17108
,2652,1395
,2653,29575
,2654,4776
,2655,4015
,2656,11283
,2657,3737
,2658,18955
,2659,33376
,2660,35957
,2661,4210
,2662,3320
,2663,3796
,2664,1397
,2665,786
,2666,2845
,2667,2890
,2668,3853
,2669,4426
,2670,3318
,2671,973
,2672,26946
,2673,64362
,2674,13536
,2675,10210
,2676,25883
,2677,521
,2678,6043
,2679,4504
,2680,512
,2681,1772
,2682,96607
,2683,7495
,2684,5396
,2685,49978
,2686,26046
,2687,1702
,2688,44545
,2689,550
,2690,96148
,2691,150244
,2692,35706
,2693,6740
,2694,11264
,2695,25354
,2696,3148
,2697,6958
,2698,14031
,2699,29000
,2700,38742
,2701,1063
,2702,647
,2703,3002
,2704,9000
,2705,721
,2706,1032
,2707,1345
,2708,4372
,2709,7941
,2710,1647
,2711,6416
,2712,3771
,2713,10064
,2714,14065
,2715,87711
,2716,1581
,2717,16026
,2718,4960
,2719,49524
,2720,45370
,2721,35363
,2722,22637
,2723,12726
,2724,12333
,2725,24129
,2726,12350
,2727,7931
,2728,3257
,2729,2916
,2730,2009
,2731,121568
,2732,11832
,2733,16536
,2734,39575
,2735,42591
,2736,8710
,2737,20713
,2738,11793
,2739,13440
,2740,4983
,2741,5661
,2742,22976
,2743,24246
,2744,10189
,2745,9070
,2746,24403
,2747,162141
,2748,15130
,2749,108921
,2750,15770
,2751,21345
,2752,938
,2753,69475
,2754,7841
,2755,29329
,2756,11074
,2757,30349
,2758,38960
,2759,34050
,2760,54157
,2761,5927
,2762,31447
,2763,8109
,2764,54587
,2765,24208
,2766,25880
,2767,112678
,2768,24856
,2769,17040
,2770,6808
,2771,4176
,2772,51561
,2773,37274
,2774,46377
,2775,27424
,2776,37318
,2777,15545
,2778,77541
,2779,6224
,2780,71696
,2781,27643
,2782,11854
,2783,41143
,2784,31695
,2785,38904
,2786,19139
,2787,29469
,2788,5225
,2789,72116
,2790,9243
,2791,3915
,2792,17238
,2793,16600
,2794,7785
,2795,14681
,2796,9747
,2797,3402
,2798,29238
,2799,160878
,2800,16758
,2801,14876
,2802,31577
,2803,94372
,2804,128501
,2805,9164
,2806,5266
,2807,20317
,2808,74045
,2809,38899
,2810,31496
,2811,7260
,2812,22037
,2813,38026
,2814,6424
,2815,45989
,2816,57860
,2817,32974
,2818,64495
,2819,25723
,2820,38544
,2821,29778
,2822,52656
,2823,19247
,2824,1968
,2825,21567
,2826,16666
,2827,8272
,2828,19121
,2829,1963
,2830,2904
,2831,50388
,2832,81510
,2833,26908
,2834,8462
,2835,11378
,2836,45624
,2837,10456
,2838,18761
,2839,94599
,2840,10743
,2841,16986
,2842,105099
,2843,6838
,2844,4030
,2845,5673
,2846,7295
,2847,28267
,2848,56506
,2849,82222
,2850,9891
,2851,5341
,2852,20858
,2853,15854
,2854,13076
,2855,50912
,2856,16721
,2857,17749
,2858,26121
,2859,35005
,2860,22075
,2861,51530
,2862,43486
,2863,11617
,2864,8180
,2865,60064
,2866,31665
,2867,72918
,2868,47468
,2869,3437
,2870,48044
,2871,21328
,2872,9456
,2873,6092
,2874,44714
,2875,11980
,2876,7618
,2877,27489
,2878,49123
,2879,495
,2880,6691
,2881,17111
,2882,35118
,2883,6166
,2884,4152
,2885,5190
,2886,14418
,2887,43931
,2888,24808
,2889,97293
,2890,12516
,2891,37196
,2892,1282
,2893,1423
,2894,10780
,2895,2696
,2896,13739
,2897,5356
,2898,4096
,2899,39880
,2900,90296
,2901,11280
,2902,27529
,2903,74920
,2904,1625
,2905,3649
,2906,12253
,2907,10535
,2908,4116
,2909,5515
,2910,145915
,2911,757
,2912,32732
,2913,31755
,2914,11557
,2915,5034
,2916,4528
,2917,14933
,2918,16657
,2919,18175
,2920,37456
,2921,41103
,2922,81222
,2923,4958
,2924,3432
,2925,29856
,2926,10553
,2927,22624
,2928,7098
,2929,5036
,2930,12802
,2931,67528
,2932,84197
,2933,3600
,2934,29602
,2935,41701
,2936,152742
,2937,44681
,2938,5321
,2939,26816
,2940,17403
,2941,18207
,2942,16922
,2943,5647
,2944,33681
,2945,9688
,2946,102625
,2947,21332
,2948,11464
,2949,14569
,2950,21304
,2951,11898
,2952,35718
,2953,53492
,2954,48671
,2955,80702
,2956,446
,2957,7939
,2958,1748
,2959,6784
,2960,2588
,2961,322
,2962,1110
,2963,29193
,2964,3320
,2965,5353
,2966,634
,2967,2138
,2968,3074
,2969,750
,2970,2133
,2971,2093
,2972,24483
,2973,2745
,2974,6290
,2975,1159
,2976,12434
,2977,8283
,2978,45491
,2979,7291
,2980,23463
,2981,2582
,2982,10952
,2983,7408
,2984,29491
,2985,13872
,2986,4309
,2987,7388
,2988,47593
,2989,1615
,2990,20435
,2991,9253
,2992,13156
,2993,45114
,2994,9157
,2995,54480
,2996,1421
,2997,361
,2998,55734
,2999,39069
,3000,3630
,3001,87873
,3002,21949
,3003,27745
,3004,4167
,3005,4690
,3006,13186
,3007,220
,3008,590
,3009,1119
,3010,658
,3011,1359
,3012,539
,3013,929
,3014,1002
,3015,105
,3016,59
,3017,230
,3018,216
,3019,235
,3020,987
,3021,865
,3022,1705
,3023,1093
,3024,1278
,3025,14961
,3026,260
,3027,228
,3028,1078
,3029,20458
,3030,364
,3031,489
,3032,471
,3033,810
,3034,1176
,3035,1456
,3036,12750
,3037,3375
,3038,3903
,3039,25552
,3040,4250
,3041,53648
,3042,15470
,3043,96903
,3044,2840
,3045,10298
,3046,15834
,3047,11634
,3048,11422
,3049,24736
,3050,4739
,3051,5847
,3052,4384
,3053,26132
,3054,6538
,3055,20111
,3056,14324
,3057,9092
,3058,5314
,3059,27327
,3060,26007
,3061,10803
,3062,15799
,3063,13066
,3064,5804
,3065,10335
,3066,21506
,3067,13896
,3068,46730
,3069,12673
,3070,22743
,3071,34743
,3072,5634
,3073,9119
,3074,1325
,3075,5158
,3076,29
,3077,15617
,3078,22595
,3079,1564
,3080,1547
,3081,30186
,3082,45505
,3083,35926
,3084,56234
,3085,14672
,3086,4492
,3087,6499
,3088,15666
,3089,10149
,3090,10520
,3091,6414
,3092,5549
,3093,4079
,3094,14518
,3095,589
,3096,19370
,3097,15006
,3098,513
,3099,371
,3100,1488
,3101,620
,3102,773
,3103,1117
,3104,4126
,3105,193
,3106,1402
,3107,17122
,3108,17669
,3109,95
,3110,147
,3111,700
,3112,1740
,3113,5161
,3114,2445
,3115,546
,3116,455
,3117,1151
,3118,167
,3119,288
,3120,5539
,3121,1801
,3122,129
,3123,1504
,3124,320
,3125,2289
,3126,41186
,3127,1745
,3128,2362
,3129,749
,3130,2120
,3131,19688
,3132,3590
,3133,1918
,3134,4476
,3135,2621
,3136,3465
,3137,8886
,3138,1811
,3139,14812
,3140,1237
,3141,4676
,3142,8961
,3143,19668
,3144,1873
,3145,23415
,3146,8919
,3147,25221
,3148,26939
,3149,7640
,3150,282
,3151,1468
,3152,755
,3153,18971
,3154,12482
,3155,46368
,3156,13503
,3157,73673
,3158,12185
,3159,15440
,3160,25901
,3161,12332
,3162,2106
,3163,22617
,3164,20452
,3165,5107
,3166,15828
,3167,28158
,3168,22309
,3169,9869
,3170,1680
,3171,32259
,3172,332
,3173,958
,3174,51701
,3175,4447
,3176,2687
,3177,16676
,3178,13402
,3179,2561
,3180,1195
,3181,10922
,3182,2165
,3183,185
,3184,1549
,3185,3666
,3186,5592
,3187,926
,3188,140
,3189,1829
,3190,756
,3191,2135
,3192,24497
,3193,2865
,3194,1311
,3195,592
,3196,737
,3197,1896
,3198,955
,3199,4295
,3200,321
,3201,379
,3202,2421
,3203,660
,3204,57489
,3205,876
,3206,487
,3207,482
,3208,1654
,3209,20979
,3210,193
,3211,245
,3212,9792
,3213,4424
,3214,45519
,3215,5815
,3216,1279
,3217,15430
,3218,84
,3219,192
,3220,910
,3221,1103
,3222,1182
,3223,1582
,3224,2058
,3225,2073
,3226,11669
,3227,1201
,3228,16945
,3229,1729
,3230,56716
,3231,742
,3232,1838
,3233,2241
,3234,2168
,3235,1126
,3236,3502
,3237,1797
,3238,2029
,3239,804
,3240,1088
,3241,712
,3242,21363
,3243,62593
,3244,4767
,3245,5160
,3246,4526
,3247,3116
,3248,5349
,3249,3852
,3250,3756
,3251,4400
,3252,1535
,3253,2409
,3254,3171
,3255,15204
,3256,391
,3257,166
,3258,262
,3259,1534
,3260,1243
,3261,836
,3262,15394
,3263,725
,3264,436
,3265,1078
,3266,669
,3267,1736
,3268,2638
,3269,18162
,3270,14128
,3271,8905
,3272,21675
,3273,2879
,3274,48905
,3275,513
,3276,6713
,3277,687
,3278,1237
,3279,2125
,3280,7103
,3281,33731
,3282,12307
,3283,857
,3284,16401
,3285,4595
,3286,5274
,3287,10306
,3288,30194
,3289,10079
,3290,6205
,3291,5261
,3292,19145
,3293,39082
,3294,47150
,3295,1316
,3296,441
,3297,4191
,3298,7016
,3299,1368
,3300,24927
,3301,6927
,3302,41902
,3303,14936
,3304,2427
,3305,5177
,3306,20477
,3307,35291
,3308,21185
,3309,20464
,3310,19124
,3311,10232
,3312,5757
,3313,171
,3314,3186
,3315,25945
,3316,87815
,3317,1397
,3318,1789
,3319,1863
,3320,21802
,3321,3331
,3322,4325
,3323,6753
,3324,6368
,3325,2906
,3326,1061
,3327,133
,3328,1964
,3329,3767
,3330,3237
,3331,4811
,3332,2794
,3333,8991
,3334,24367
,3335,3284
,3336,6381
,3337,732
,3338,2742
,3339,6175
,3340,3516
,3341,1998
,3342,32395
,3343,4744
,3344,11855
,3345,6258
,3346,830
,3347,94768
,3348,4936
,3349,9943
,3350,33642
,3351,21037
,3352,17572
,3353,3386
,3354,74508
,3355,1629
,3356,1032
,3357,4376
,3358,12461
,3359,4149
,3360,2367
,3361,436
,3362,1510
,3363,482
,3364,2586
,3365,3303
,3366,2357
,3367,1041
,3368,6353
,3369,492
,3370,55226
,3371,645
,3372,1036
,3373,73799
,3374,9299
,3375,621
,3376,4416
,3377,361
,3378,1930
,3379,15929
,3380,11246
,3381,2308
,3382,2823
,3383,1526
,3384,251
,3385,10247
,3386,19403
,3387,10951
,3388,620329
,3389,15903
,3390,11583
,3391,2416
,3392,57648
,3393,13483
,3394,49837
,3395,25095
,3396,5839
,3397,40709
,3398,7129
,3399,4297
,3400,59900
,3401,8578
,3402,3294
,3403,36520
,3404,16923
,3405,4940
,3406,6271
,3407,6399
,3408,2127
,3409,546
,3410,14393
,3411,1276
,3412,1279
,3413,3210
,3414,1268
,3415,1411
,3416,29891
,3417,11730
,3418,10978
,3419,284
,3420,2682
,3421,14109
,3422,5356
,3423,3698
,3424,200
,3425,1712
,3426,30411
,3427,10767
,3428,3543
,3429,6973
,3430,61300
,3431,4474
,3432,1114
,3433,7415
,3434,6219
,3435,8277
,3436,2361
,3437,44897
,3438,6691
,3439,5450
,3440,8046
,3441,69059
,3442,22389
,3443,6485
,3444,1639
,3445,53584
,3446,58193
,3447,115408
,3448,7407
,3449,19177
,3450,27489
,3451,1273
,3452,11364
,3453,2646
,3454,4904
,3455,437
,3456,7634
,3457,47836
,3458,15738
,3459,11732
,3460,34384
,3461,1070
,3462,1839
,3463,3304
,3464,18352
,3465,8282
,3466,55074
,3467,38054
,3468,29204
,3469,4695
,3470,5376
,3471,262
,3472,18957
,3473,38596
,3474,12538
,3475,3287
,3476,3912
,3477,37
,3478,1152
,3479,20455
,3480,23407
,3481,2625
,3482,8692
,3483,34120
,3484,858
,3485,4443
,3486,16571
,3487,882
,3488,59447
,3489,7565
,3490,8892
,3491,3107
,3492,5375
,3493,10299
,3494,19081
,3495,5920
,3496,12536
,3497,4398
,3498,10371
,3499,888
,3500,16526
,3501,1068
,3502,10308
,3503,31
,3504,26524
,3505,37
,3506,3586
,3507,8383
,3508,924
,3509,21433
,3510,20508
,3511,1372
,3512,1265
,3513,1350
,3514,1305
,3515,1946
,3516,2468
,3517,2536
,3518,4107
,3519,8473
,3520,56576
,3521,1774
,3522,4709
,3523,3210
,3524,71100
,3525,13662
,3526,98620
,3527,2632
,3528,13487
,3529,22421
,3530,9156
,3531,3097
,3532,33584
,3533,46439
,3534,2751
,3535,26421
,3536,50568
,3537,8217
,3538,7151
,3539,46209
,3540,27107
,3541,19866
,3542,30029
,3543,5456
,3544,6761
,3545,6186
,3546,3366
,3547,10061
,3548,924
,3549,2525
,3550,58487
,3551,18302
,3552,4362
,3553,5504
,3554,3128
,3555,10687
,3556,210
,3557,424
,3558,1999
,3559,1120
,3560,1431
,3561,6296
,3562,10062
,3563,20365
,3564,17573
,3565,41968
,3566,27895
,3567,45741
,3568,1235
,3569,22389
,3570,4778
,3571,46364
,3572,11139
,3573,15785
,3574,4958
,3575,28913
,3576,2923
,3577,5423
,3578,2805
,3579,20786
,3580,5799
,3581,6772
,3582,7474
,3583,31691
,3584,2975
,3585,9890
,3586,27852
,3587,2680
,3588,3514
,3589,3827
,3590,103385
,3591,8077
,3592,16334
,3593,10059
,3594,1378
,3595,43028
,3596,38028
,3597,8536
,3598,9512
,3599,13716
,3600,1466
,3601,51257
,3602,29396
,3603,2894
,3604,3463
,3605,908
,3606,65
,3607,12585
,3608,9179
,3609,18372
,3610,74176
,3611,3960
,3612,26901
,3613,973
,3614,1063
,3615,2513
,3616,626
,3617,21159
,3618,2945
,3619,792
,3620,1008
,3621,498
,3622,1236
,3623,1323
,3624,363
,3625,1630
,3626,168
,3627,407
,3628,9671
,3629,4472
,3630,4339
,3631,1218
,3632,8272
,3633,6716
,3634,2625
,3635,8316
,3636,6361
,3637,2516
,3638,4950
,3639,525
,3640,14715
,3641,29904
,3642,37633
,3643,25358
,3644,5108
,3645,27473
,3646,24274
,3647,21114
,3648,206
,3649,342
,3650,1080
,3651,5499
,3652,8299
,3653,46134
,3654,13992
,3655,27871
,3656,3019
,3657,10486
,3658,7041
,3659,30260
,3660,3402
,3661,4144
,3662,1224
,3663,17896
,3664,19360
,3665,14334
,3666,14672
,3667,15123
,3668,25270
,3669,16537
,3670,13042
,3671,10255
,3672,2289
,3673,65840
,3674,694
,3675,340
,3676,2561
,3677,12140
,3678,2066
,3679,5641
,3680,1280
,3681,254
,3682,69
,3683,336
,3684,39588
,3685,3704
,3686,3413
,3687,12569
,3688,2362
,3689,5815
,3690,21818
,3691,55886
,3692,4973
,3693,1542
,3694,286
,3695,10951
,3696,22001
,3697,336
,3698,80
,3699,404
,3700,95
,3701,653
,3702,845
,3703,44229
,3704,16115
,3705,2256
,3706,406
,3707,889
,3708,44096
,3709,170
,3710,6293
,3711,1038
,3712,390
,3713,681
,3714,196
,3715,20
,3716,1336
,3717,3405
,3718,2524
,3719,3087
,3720,18839
,3721,1979
,3722,2483
,3723,7482
,3724,11884
,3725,4963
,3726,3502
,3727,1002
,3728,4593
,3729,411
,3730,5511
,3731,15538
,3732,58421
,3733,5204
,3734,17653
,3735,727
,3736,137
,3737,3380
,3738,290
,3739,1536
,3740,4445
,3741,534
,3742,329
,3743,1313
,3744,1700
,3745,645
,3746,2091
,3747,533
,3748,601
,3749,4267
,3750,23100
,3751,5475
,3752,16214
,3753,1125
,3754,25763
,3755,26548
,3756,3460
,3757,4002
,3758,1793
,3759,4223
,3760,2548
,3761,2333
,3762,24755
,3763,3765
,3764,465
,3765,32060
,3766,755
,3767,7902
,3768,83156
,3769,989
,3770,2945
,3771,8715
,3772,11606
,3773,621
,3774,21765
,3775,190
,3776,302
,3777,114
,3778,1389
,3779,3427
,3780,15666
,3781,4541
,3782,579
,3783,1006
,3784,622
,3785,316
,3786,15079
,3787,1741
,3788,281
,3789,1464
,3790,783
,3791,38
,3792,126
,3793,329
,3794,590
,3795,903
,3796,876
,3797,320
,3798,101
,3799,1386
,3800,40
,3801,566
,3802,728
,3803,1040
,3804,1433
,3805,1404
,3806,63
,3807,46685
,3808,22022
,3809,921
,3810,743
,3811,90
,3812,113
,3813,369
,3814,105
,3815,22
,3816,267
,3817,840
,3818,270
,3819,422
,3820,109
,3821,251
,3822,513
,3823,1769
,3824,515
,3825,125
,3826,85
,3827,37
,3828,44
,3829,135
,3830,425
,3831,26748
,3832,498
,3833,6850
,3834,196
,3835,2317
,3836,15335
,3837,7871
,3838,2167
,3839,12031
,3840,1935
,3841,236
,3842,5274
,3843,89
,3844,572
,3845,2118
,3846,447
,3847,782
,3848,30601
,3849,12192
,3850,9861
,3851,10935
,3852,4638
,3853,55797
,3854,6605
,3855,6157
,3856,59713
,3857,5694
,3858,5630
,3859,572
,3860,242
,3861,3848
,3862,628
,3863,1632
,3864,1651
,3865,245
,3866,324
,3867,578
,3868,478
,3869,1199
,3870,2658
,3871,449
,3872,562
,3873,586
,3874,1073
,3875,23768
,3876,745
,3877,595
,3878,350
,3879,250
,3880,2376
,3881,610
,3882,944
,3883,3319
,3884,6913
,3885,3083
,3886,914
,3887,1301
,3888,102
,3889,357
,3890,1158
,3891,4206
,3892,5824
,3893,2345
,3894,57578
,3895,21954
,3896,2544
,3897,58113
,3898,9347
,3899,1868
,3900,1598
,3901,13971
,3902,11086
,3903,2191
,3904,17378
,3905,24960
,3906,111022
,3907,7053
,3908,28144
,3909,54629
,3910,22063
,3911,17667
,3912,15236
,3913,17431
,3914,31477
,3915,2150
,3916,49073
,3917,4158
,3918,22655
,3919,10505
,3920,16315
,3921,2568
,3922,4593
,3923,3219
,3924,19513
,3925,38330
,3926,21982
,3927,21878
,3928,3589
,3929,6852
,3930,3918
,3931,7026
,3932,2491
,3933,511
,3934,3107
,3935,1203
,3936,24120
,3937,8242
,3938,3279
,3939,420
,3940,1291
,3941,4551
,3942,12651
,3943,1027
,3944,259
,3945,1515
,3946,3647
,3947,14677
,3948,13820
,3949,40033
,3950,5437
,3951,36849
,3952,1564
,3953,2154
,3954,2901
,3955,21760
,3956,2737
,3957,8553
,3958,30062
,3959,37478
,3960,23689
,3961,20030
,3962,16154
,3963,17875
,3964,9186
,3965,5055
,3966,4819
,3967,11238
,3968,19257
,3969,12403
,3970,16191
,3971,2215
,3972,452
,3973,14972
,3974,10635
,3975,6552
,3976,5179
,3977,39288
,3978,28495
,3979,51
,3980,17812
,3981,12078
,3982,5272
,3983,1717
,3984,2815
,3985,1645
,3986,2211
,3987,40279
,3988,254
,3989,1833
,3990,4684
,3991,6580
,3992,27248
,3993,5301
,3994,294
,3995,1491
,3996,1250
,3997,4643
,3998,501
,3999,707
,4000,1555
,4001,793
,4002,754
,4003,5519
,4004,688
,4005,13275
,4006,10675
,4007,65
,4008,156
,4009,27
,4010,217
,4011,1026
,4012,133
,4013,780
,4014,116
,4015,1163
,4016,1214
,4017,1576
,4018,2451
,4019,576
,4020,3794
,4021,431
,4022,2790
,4023,347
,4024,13
,4025,1299
,4026,1885
,4027,2951
,4028,227
,4029,4657
,4030,9
,4031,8
,4032,32
,4033,262
,4034,31
,4035,177
,4036,1818
,4037,11147
,4038,2413
,4039,1023
,4040,166
,4041,2924
,4042,5386
,4043,4012
,4044,1912
,4045,485
,4046,1026
,4047,1194
,4048,8863
,4049,3343
,4050,2807
,4051,2926
,4052,1653
,4053,3694
,4054,2500
,4055,8260
,4056,2206
,4057,1364
,4058,38138
,4059,69567
,4060,5423
,4061,21589
,4062,10369
,4063,9998
,4064,5530
,4065,9249
,4066,2692
,4067,1663
,4068,13372
,4069,2639
,4070,3755
,4071,2031
,4072,1864
,4073,2915
,4074,32523
,4075,4460
,4076,7614
,4077,76459
,4078,12104
,4079,38918
,4080,4849
,4081,17850
,4082,6088
,4083,10581
,4084,2591
,4085,282
,4086,2078
,4087,10859
,4088,6757
,4089,19106
,4090,9965
,4091,19116
,4092,45882
,4093,31309
,4094,5507
,4095,1931
,4096,74625
,4097,7041
,4098,39015
,4099,12037
,4100,5405
,4101,2670
,4102,11993
,4103,8373
,4104,14681
,4105,6007
,4106,10565
,4107,10200
,4108,11224
,4109,778
,4110,4858
,4111,38030
,4112,17697
,4113,4430
,4114,6299
,4115,69059
,4116,5700
,4117,5109
,4118,14959
,4119,12953
,4120,7439
,4121,9210
,4122,3235
,4123,24834
,4124,2489
,4125,14097
,4126,10496
,4127,15475
,4128,13479
,4129,54274
,4130,9139
,4131,2124
,4132,21324
,4133,18039
,4134,11588
,4135,5342
,4136,1992
,4137,11472
,4138,418
,4139,7031
,4140,26871
,4141,1682
,4142,571
,4143,979
,4144,2028
,4145,20226
,4146,1602
,4147,7054
,4148,1280
,4149,1190
,4150,19496
,4151,157
,4152,88917
,4153,7788
,4154,1162
,4155,24508
,4156,2136
,4157,1300
,4158,2939
,4159,1813
,4160,8540
,4161,1613
,4162,32164
,4163,3036
,4164,10252
,4165,28806
,4166,15945
,4167,1621
,4168,18642
,4169,15940
,4170,18643
,4171,10251
,4172,9207
,4173,14660
,4174,39815
,4175,18897
,4176,35072
,4177,29342
,4178,3468
,4179,21532
,4180,17440
,4181,6098
,4182,38671
,4183,2607
,4184,4294
,4185,22616
,4186,19149
,4187,108347
,4188,5267
,4189,25157
,4190,83789
,4191,12673
,4192,21792
,4193,62102
,4194,47329
,4195,9208
,4196,468
,4197,14310
,4198,17240
,4199,20245
,4200,4892
,4201,3910
,4202,8209
,4203,4510
,4204,6149
,4205,4598
,4206,35784
,4207,5993
,4208,2323
,4209,1115
,4210,377
,4211,599
,4212,13471
,4213,2892
,4214,15721
,4215,5113
,4216,830
,4217,4444
,4218,13304
,4219,987
,4220,3545
,4221,125
,4222,308
,4223,2027
,4224,21000
,4225,1025
,4226,3678
,4227,95
,4228,3056
,4229,3406
,4230,40893
,4231,873
,4232,20560
,4233,15650
,4234,18887
,4235,14053
,4236,8063
,4237,43362
,4238,63496
,4239,31066
,4240,4162
,4241,26799
,4242,12632
,4243,1852
,4244,29486
,4245,7116
,4246,20229
,4247,3567
,4248,6207
,4249,64884
,4250,13888
,4251,291
,4252,4999
,4253,5494
,4254,21
,4255,1179
,4256,9981
,4257,908
,4258,10220
,4259,4181
,4260,7247
,4261,59195
,4262,799
,4263,2283
,4264,6690
,4265,1588
,4266,316
,4267,3015
,4268,10783
,4269,25439
,4270,52284
,4271,41994
,4272,368
,4273,45642
,4274,21627
,4275,32729
,4276,1357
,4277,19432
,4278,15416
,4279,3276
,4280,9018
,4281,8770
,4282,16689
,4283,4638
,4284,1668
,4285,18326
,4286,342
,4287,7597
,4288,7138
,4289,31915
,4290,19648
,4291,4808
,4292,2930
,4293,488
,4294,12486
,4295,1292
,4296,187
,4297,1777
,4298,174
,4299,234
,4300,38
,4301,2584
,4302,254
,4303,302
,4304,371
,4305,5059
,4306,299
,4307,10404
,4308,1017
,4309,364
,4310,3180
,4311,401
,4312,98
,4313,3269
,4314,3483
,4315,4042
,4316,331
,4317,123
,4318,835
,4319,298
,4320,1542
,4321,10114
,4322,459
,4323,1852
,4324,1442
,4325,848
,4326,868
,4327,784
,4328,279
,4329,2323
,4330,14853
,4331,1992
,4332,4555
,4333,28108
,4334,298
,4335,6270
,4336,10952
,4337,3551
,4338,414
,4339,5233
,4340,6432
,4341,13459
,4342,1389
,4343,1362
,4344,12028
,4345,7173
,4346,21065
,4347,392
,4348,823
,4349,90
,4350,794
,4351,209
,4352,37
,4353,0
,4354,17
,4355,80
,4356,39
,4357,1135
,4358,16
,4359,1725
,4360,264
,4361,768
,4362,11413
,4363,1506
,4364,282
,4365,984
,4366,240
,4367,191
,4368,1306
,4369,114
,4370,758
,4371,3353
,4372,177
,4373,545
,4374,2827
,4375,4125
,4376,123
,4377,968
,4378,102
,4379,207
,4380,436
,4381,578
,4382,1002
,4383,424
,4384,1956
,4385,232
,4386,368
,4387,7985
,4388,1154
,4389,65
,4390,2310
,4391,140
,4392,1354
,4393,12099
,4394,196
,4395,348
,4396,373
,4397,988
,4398,2496
,4399,15120
,4400,1197
,4401,964
,4402,156
,4403,987
,4404,142
,4405,797
,4406,1032
,4407,596
,4408,447
,4409,1870
,4410,398
,4411,2699
,4412,1394
,4413,482
,4414,1768
,4415,37374
,4416,1229
,4417,20331
,4418,9
,4419,2822
,4420,960
,4421,309
,4422,3269
,4423,4704
,4424,884
,4425,1757
,4426,147
,4427,875
,4428,628
,4429,721
,4430,1080
,4431,1618
,4432,205
,4433,1355
,4434,1995
,4435,4571
,4436,783
,4437,404
,4438,2643
,4439,1985
,4440,1104
,4441,187
,4442,46857
,4443,2067
,4444,546
,4445,2201
,4446,3263
,4447,2188
,4448,252
,4449,177
,4450,324
,4451,2361
,4452,1397
,4453,1405
,4454,3365
,4455,1121
,4456,202
,4457,3481
,4458,1079
,4459,1136
,4460,89785
,4461,3468
,4462,573
,4463,3304
,4464,1960
,4465,6755
,4466,7540
,4467,5174
,4468,6531
,4469,6663
,4470,1594
,4471,1840
,4472,4568
,4473,2190
,4474,9559
,4475,25505
,4476,349
,4477,197
,4478,3151
,4479,6316
,4480,2580
,4481,15403
,4482,409
,4483,20403
,4484,2563
,4485,5017
,4486,130
,4487,19839
,4488,2280
,4489,368
,4490,1090
,4491,2793
,4492,23336
,4493,3784
,4494,2072
,4495,1966
,4496,3787
,4497,3408
,4498,4235
,4499,3524
,4500,4796
,4501,5732
,4502,1206
,4503,24565
,4504,23106
,4505,1633
,4506,852
,4507,4619
,4508,18088
,4509,11627
,4510,45403
,4511,4202
,4512,39897
,4513,6143
,4514,2209
,4515,144
,4516,82
,4517,883
,4518,4035
,4519,262
,4520,12551
,4521,371
,4522,33000
,4523,1183
,4524,984
,4525,13864
,4526,1929
,4527,2337
,4528,2144
,4529,3479
,4530,446
,4531,114
,4532,355
,4533,2901
,4534,436
,4535,1357
,4536,3867
,4537,1111
,4538,1731
,4539,2126
,4540,3736
,4541,11169
,4542,5216
,4543,2756
,4544,262
,4545,84928
,4546,6314
,4547,56084
,4548,8471
,4549,10976
,4550,16932
,4551,8597
,4552,3418
,4553,32316
,4554,7721
,4555,51870
,4556,7631
,4557,3035
,4558,22603
,4559,2264
,4560,28765
,4561,32983
,4562,7785
,4563,2084
,4564,5503
,4565,21983
,4566,16928
,4567,18005
,4568,2092
,4569,214
,4570,6247
,4571,6498
,4572,45186
,4573,20611
,4574,9147
,4575,680
,4576,3771
,4577,3481
,4578,4536
,4579,66181
,4580,12185
,4581,13097
,4582,13560
,4583,23549
,4584,48591
,4585,25407
,4586,10823
,4587,30496
,4588,19208
,4589,8412
,4590,1857
,4591,2387
,4592,7842
,4593,13530
,4594,3670
,4595,26462
,4596,1997
,4597,12941
,4598,17158
,4599,8936
,4600,28319
,4601,60048
,4602,11825
,4603,20703
,4604,14007
,4605,8312
,4606,33019
,4607,14125
,4608,60889
,4609,17491
,4610,22820
,4611,114870
,4612,113276
,4613,27764
,4614,77122
,4615,42101
,4616,33291
,4617,7362
,4618,143188
,4619,7713
,4620,28846
,4621,5054
,4622,22095
,4623,54619
,4624,26090
,4625,33493
,4626,36495
,4627,3806
,4628,49751
,4629,78796
,4630,11696
,4631,6860
,4632,227
,4633,12298
,4634,256
,4635,1292
,4636,1064
,4637,410
,4638,323
,4639,220
,4640,1653
,4641,14220
,4642,3077
,4643,913
,4644,1127
,4645,2178
,4646,2327
,4647,3496
,4648,260
,4649,17845
,4650,868
,4651,1513
,4652,1628
,4653,3249
,4654,2206
,4655,8746
,4656,1118
,4657,1263
,4658,170
,4659,3867
,4660,1113
,4661,24
,4662,121
,4663,878
,4664,558
,4665,3046
,4666,309
,4667,5942
,4668,20512
,4669,2394
,4670,257
,4671,83753
,4672,922
,4673,2141
,4674,7283
,4675,10346
,4676,31349
,4677,13732
,4678,1520
,4679,7698
,4680,24743
,4681,24863
,4682,1357
,4683,24958
,4684,3517
,4685,4521
,4686,16647
,4687,34678
,4688,2792
,4689,19522
,4690,3902
,4691,20926
,4692,667
,4693,5623
,4694,11169
,4695,5883
,4696,37986
,4697,1124
,4698,1181
,4699,5976
,4700,9074
,4701,3312
,4702,14444
,4703,7854
,4704,3172
,4705,19530
,4706,9035
,4707,11263
,4708,198
,4709,1161
,4710,15467
,4711,18130
,4712,1848
,4713,3015
,4714,195
,4715,1079
,4716,28664
,4717,3799
,4718,4205
,4719,39835
,4720,1053
,4721,1431
,4722,25579
,4723,52707
,4724,27942
,4725,1372
,4726,269
,4727,4952
,4728,20405
,4729,14878
,4730,3894
,4731,2398
,4732,4242
,4733,6075
,4734,21482
,4735,3045
,4736,3627
,4737,20156
,4738,780
,4739,2962
,4740,8257
,4741,11362
,4742,65429
,4743,33051
,4744,1869
,4745,5256
,4746,2985
,4747,4180
,4748,6618
,4749,17584
,4750,2523
,4751,7322
,4752,4562
,4753,33045
,4754,3929
,4755,596
,4756,3937
,4757,11511
,4758,8758
,4759,25779
,4760,54273
,4761,5973
,4762,8187
,4763,1412
,4764,15332
,4765,20893
,4766,70992
,4767,28982
,4768,2193
,4769,7160
,4770,10346
,4771,4775
,4772,1369
,4773,214
,4774,154
,4775,998
,4776,584
,4777,313
,4778,4503
,4779,30847
,4780,63
,4781,1082
,4782,2860
,4783,4097
,4784,47854
,4785,2250
,4786,8773
,4787,1642
,4788,559
,4789,384
,4790,7807
,4791,4424
,4792,3106
,4793,1207
,4794,10654
,4795,249
,4796,231
,4797,64
,4798,35
,4799,4684
,4800,1361
,4801,48
,4802,599
,4803,1839
,4804,1191
,4805,1324
,4806,7900
,4807,5570
,4808,11654
,4809,9295
,4810,21798
,4811,5718
,4812,635
,4813,944
,4814,78
,4815,456
,4816,412
,4817,35227
,4818,803
,4819,586
,4820,45
,4821,3988
,4822,102
,4823,0
,4824,219
,4825,199
,4826,292
,4827,887
,4828,31970
,4829,2842
,4830,1005
,4831,10267
,4832,953
,4833,746
,4834,2506
,4835,79
,4836,8
,4837,675
,4838,14109
,4839,2707
,4840,4172
,4841,2723
,4842,33573
,4843,220
,4844,2058
,4845,5284
,4846,499
,4847,790
,4848,39406
,4849,4858
,4850,14213
,4851,2471
,4852,1020
,4853,2558
,4854,13234
,4855,2688
,4856,6052
,4857,3270
,4858,8484
,4859,5217
,4860,4673
,4861,4164
,4862,23814
,4863,54025
,4864,21580
,4865,9082
,4866,19586
,4867,6828
,4868,4670
,4869,1668
,4870,588
,4871,1130
,4872,2684
,4873,2927
,4874,5540
,4875,202
,4876,5817
,4877,10803
,4878,5399
,4879,3490
,4880,7532
,4881,22478
,4882,4333
,4883,21917
,4884,3408
,4885,17916
,4886,898
,4887,299
,4888,1907
,4889,13623
,4890,688
,4891,1998
,4892,7117
,4893,4817
,4894,8535
,4895,11511
,4896,38181
,4897,9039
,4898,32389
,4899,12779
,4900,34097
,4901,4946
,4902,1304
,4903,840
,4904,4997
,4905,394
,4906,5231
,4907,1821
,4908,21173
,4909,1762
,4910,2305
,4911,6110
,4912,5225
,4913,5300
,4914,3447
,4915,3220
,4916,4706
,4917,13649
,4918,19471
,4919,77961
,4920,20397
,4921,949
,4922,2392
,4923,2132
,4924,22679
,4925,3229
,4926,4218
,4927,372
,4928,188
,4929,1536
,4930,4442
,4931,2060
,4932,2437
,4933,303
,4934,5368
,4935,390
,4936,2555
,4937,2441
,4938,2181
,4939,2611
,4940,9068
,4941,4535
,4942,31344
,4943,1128
,4944,14870
,4945,18907
,4946,8978
,4947,2447
,4948,216
,4949,1276
,4950,2205
,4951,12422
,4952,13425
,4953,7261
,4954,21556
,4955,11363
,4956,27345
,4957,2835
,4958,19843
,4959,5805
,4960,1327
,4961,3461
,4962,2473
,4963,2215
,4964,11717
,4965,3034
,4966,23717
,4967,1109
,4968,1516
,4969,4846
,4970,49469
,4971,1054
,4972,2493
,4973,1582
,4974,5045
,4975,335
,4976,328
,4977,1124
,4978,455
,4979,459
,4980,14222
,4981,19561
,4982,15375
,4983,3923
,4984,1528
,4985,1173
,4986,6751
,4987,15809
,4988,7131
,4989,708
,4990,213
,4991,311
,4992,808
,4993,1055
,4994,3124
,4995,311
,4996,120
,4997,12424
,4998,4741
,4999,4817
,5000,135
,5001,707
,5002,5826
,5003,4723
,5004,784
,5005,397
,5006,27324
,5007,103
,5008,51
,5009,81
,5010,6793
,5011,9111
,5012,112
,5013,36
,5014,883
,5015,166
,5016,11912
,5017,588
,5018,3938
,5019,225
,5020,358
,5021,12314
,5022,532
,5023,815
,5024,74
,5025,162
,5026,756
,5027,16747
,5028,312
,5029,113
,5030,520
,5031,177
,5032,341
,5033,1069
,5034,7561
,5035,2107
,5036,676
,5037,953
,5038,3244
,5039,594
,5040,2782
,5041,1884
,5042,456
,5043,295
,5044,31
,5045,487
,5046,7641
,5047,288
,5048,349
,5049,363
,5050,1205
,5051,1652
,5052,2555
,5053,820
,5054,518
,5055,1702
,5056,2212
,5057,4508
,5058,8845
,5059,17333
,5060,3917
,5061,2907
,5062,6770
,5063,5237
,5064,537
,5065,3105
,5066,34724
,5067,3455
,5068,3479
,5069,23635
,5070,5192
,5071,28149
,5072,9622
,5073,15749
,5074,4528
,5075,4085
,5076,1831
,5077,136
,5078,13819
,5079,2616
,5080,15738
,5081,7664
,5082,15754
,5083,1940
,5084,331
,5085,468
,5086,2742
,5087,16065
,5088,29111
,5089,2535
,5090,15257
,5091,5739
,5092,7839
,5093,128080
,5094,2678
,5095,4466
,5096,3641
,5097,3072
,5098,765
,5099,671
,5100,16596
,5101,17815
,5102,63090
,5103,147423
,5104,8024
,5105,2126
,5106,898
,5107,3675
,5108,2815
,5109,5165
,5110,35023
,5111,41531
,5112,36795
,5113,14551
,5114,15365
,5115,2271
,5116,35475
,5117,1753
,5118,235
,5119,510
,5120,868
,5121,1094
,5122,436
,5123,1600
,5124,707
,5125,1797
,5126,9462
,5127,1677
,5128,2201
,5129,890
,5130,1320
,5131,4171
,5132,5205
,5133,1367
,5134,111
,5135,1028
,5136,786
,5137,387
,5138,567
,5139,42
,5140,5
,5141,61
,5142,227
,5143,7
,5144,2863
,5145,822
,5146,604
,5147,690
,5148,14865
,5149,9501
,5150,1067
,5151,459
,5152,11930
,5153,1791
,5154,5990
,5155,7392
,5156,5265
,5157,1559
,5158,6054
,5159,3429
,5160,1926
,5161,2976
,5162,28355
,5163,5897
,5164,18909
,5165,4540
,5166,26562
,5167,77
,5168,38451
,5169,38
,5170,8870
,5171,2772
,5172,966
,5173,81190
,5174,20812
,5175,9783
,5176,7935
,5177,2617
,5178,13724
,5179,829
,5180,18868
,5181,2340
,5182,18374
,5183,18866
,5184,12382
,5185,6634
,5186,760
,5187,6809
,5188,760
,5189,158
,5190,408
,5191,352
,5192,180
,5193,635
,5194,211
,5195,696
,5196,1270
,5197,63
,5198,94
,5199,248
,5200,185
,5201,193
,5202,24536
,5203,587
,5204,1656
,5205,1632
,5206,370
,5207,1090
,5208,437
,5209,904
,5210,514
,5211,14018
,5212,27991
,5213,6118
,5214,856
,5215,1809
,5216,2999
,5217,5813
,5218,4841
,5219,10580
,5220,1971
,5221,2933
,5222,1148
,5223,2188
,5224,2605
,5225,21605
,5226,200
,5227,520
,5228,2182
,5229,25820
,5230,12023
,5231,50713
,5232,5677
,5233,2423
,5234,247
,5235,4262
,5236,1330
,5237,17201
,5238,3522
,5239,8626
,5240,991
,5241,27063
,5242,2494
,5243,10126
,5244,4255
,5245,1490
,5246,1124
,5247,734
,5248,839
,5249,507
,5250,734
,5251,820
,5252,314
,5253,1483
,5254,58
,5255,26
,5256,502
,5257,16
,5258,108
,5259,1150
,5260,513
,5261,101
,5262,999
,5263,5
,5264,1096
,5265,1770
,5266,2228
,5267,1617
,5268,1016
,5269,873
,5270,1130
,5271,1283
,5272,1729
,5273,2546
,5274,1391
,5275,866
,5276,2539
,5277,2783
,5278,1066
,5279,579
,5280,352
,5281,1281
,5282,20604
,5283,10421
,5284,1626
,5285,88
,5286,168
,5287,3314
,5288,230
,5289,935
,5290,397
,5291,11923
,5292,13586
,5293,4492
,5294,22965
,5295,64844
,5296,14359
,5297,81049
,5298,9540
,5299,4968
,5300,5996
,5301,5960
,5302,37611
,5303,10293
,5304,2052
,5305,25661
,5306,8713
,5307,11315
,5308,2903
,5309,2554
,5310,3755
,5311,18128
,5312,2077
,5313,3104
,5314,71810
,5315,2961
,5316,2564
,5317,194
,5318,4495
,5319,624
,5320,14258
,5321,452
,5322,1898
,5323,3131
,5324,193
,5325,5090
,5326,12119
,5327,1221
,5328,4424
,5329,13946
,5330,11629
,5331,24301
,5332,20806
,5333,7372
,5334,1106
,5335,32195
,5336,12367
,5337,3413
,5338,52579
,5339,42027
,5340,14248
,5341,20370
,5342,37632
,5343,11375
,5344,15111
,5345,4765
,5346,9132
,5347,1819
,5348,2062
,5349,7777
,5350,7991
,5351,1246
,5352,1267
,5353,23341
,5354,2586
,5355,1974
,5356,2295
,5357,1087
,5358,385
,5359,240
,5360,726
,5361,14087
,5362,1790
,5363,858
,5364,2023
,5365,405
,5366,4603
,5367,814
,5368,1739
,5369,422
,5370,42740
,5371,10705
,5372,952
,5373,626
,5374,816
,5375,12663
,5376,72
,5377,3117
,5378,2030
,5379,485
,5380,263
,5381,1247
,5382,38
,5383,968
,5384,104
,5385,11891
,5386,1922
,5387,2844
,5388,3163
,5389,2618
,5390,9068
,5391,1581
,5392,107
,5393,464
,5394,54
,5395,505
,5396,1188
,5397,5796
,5398,634
,5399,1030
,5400,1049
,5401,16695
,5402,891
,5403,793
,5404,37
,5405,403
,5406,74
,5407,47
,5408,561
,5409,1201
,5410,6783
,5411,16174
,5412,1966
,5413,536
,5414,7564
,5415,2551
,5416,576
,5417,20970
,5418,9953
,5419,2229
,5420,36414
,5421,18736
,5422,23020
,5423,36632
,5424,14248
,5425,2141
,5426,4399
,5427,115
,5428,995
,5429,705
,5430,3419
,5431,2075
,5432,1437
,5433,791
,5434,1820
,5435,21570
,5436,8314
,5437,1576
,5438,35129
,5439,7675
,5440,4260
,5441,13562
,5442,65268
,5443,14484
,5444,16602
,5445,1004
,5446,25001
,5447,5455
,5448,2133
,5449,975
,5450,591
,5451,1064
,5452,1275
,5453,2621
,5454,1413
,5455,4425
,5456,14917
,5457,11528
,5458,2524
,5459,1315
,5460,1165
,5461,1354
,5462,857
,5463,250
,5464,419
,5465,1093
,5466,2454
,5467,1389
,5468,657
,5469,1497
,5470,415
,5471,150
,5472,162
,5473,611
,5474,221
,5475,266
,5476,481
,5477,1575
,5478,238
,5479,20897
,5480,9489
,5481,6544
,5482,28966
,5483,1799
,5484,7502
,5485,3079
,5486,2513
,5487,14498
,5488,2140
,5489,3551
,5490,4671
,5491,47492
,5492,18405
,5493,34781
,5494,7474
,5495,4376
,5496,30549
,5497,30602
,5498,350
,5499,202
,5500,686
,5501,11089
,5502,9263
,5503,8495
,5504,1940
,5505,5904
,5506,400
,5507,12444
,5508,343
,5509,310
,5510,251
,5511,748
,5512,2158
,5513,716
,5514,920
,5515,349
,5516,165
,5517,213
,5518,1193
,5519,35
,5520,14466
,5521,5106
,5522,1802
,5523,14316
,5524,163
,5525,19410
,5526,7584
,5527,4798
,5528,8564
,5529,2493
,5530,2282
,5531,2013
,5532,13068
,5533,2015
,5534,1686
,5535,4380
,5536,31
,5537,674
,5538,627
,5539,1359
,5540,1419
,5541,3625
,5542,437
,5543,1795
,5544,13891
,5545,633
,5546,836
,5547,580
,5548,644
,5549,2069
,5550,851
,5551,1596
,5552,7207
,5553,2274
,5554,20511
,5555,12066
,5556,3040
,5557,905
,5558,2109
,5559,487
,5560,659
,5561,19945
,5562,17974
,5563,6493
,5564,2664
,5565,21836
,5566,1680
,5567,347
,5568,700
,5569,4231
,5570,5130
,5571,10799
,5572,759
,5573,28946
,5574,31466
,5575,10913
,5576,67514
,5577,5228
,5578,2540
,5579,8398
,5580,5454
,5581,9312
,5582,33076
,5583,19241
,5584,525
,5585,4221
,5586,365
,5587,1989
,5588,672
,5589,2500
,5590,5141
,5591,73
,5592,9496
,5593,18484
,5594,4734
,5595,2621
,5596,2708
,5597,27908
,5598,2191
,5599,81578
,5600,4971
,5601,1948
,5602,1127
,5603,30231
,5604,828
,5605,2216
,5606,17788
,5607,6277
,5608,3283
,5609,1222
,5610,14682
,5611,2328
,5612,965
,5613,7615
,5614,3098
,5615,1436
,5616,668
,5617,12704
,5618,351
,5619,1679
,5620,235
,5621,1224
,5622,1175
,5623,415
,5624,861
,5625,968
,5626,1896
,5627,894
,5628,92
,5629,353
,5630,36201
,5631,7148
,5632,4062
,5633,7337
,5634,3478
,5635,2332
,5636,1836
,5637,702
,5638,1165
,5639,1426
,5640,1229
,5641,515
,5642,2094
,5643,25859
,5644,18327
,5645,16673
,5646,1372
,5647,680
,5648,111
,5649,1766
,5650,591
,5651,943
,5652,1697
,5653,999
,5654,53
,5655,3944
,5656,423
,5657,669
,5658,572
,5659,1159
,5660,18460
,5661,586
,5662,42651
,5663,1034
,5664,1015
,5665,2358
,5666,1237
,5667,2
,5668,26
,5669,315
,5670,3475
,5671,19228
,5672,392
,5673,1085
,5674,121
,5675,802
,5676,263
,5677,708
,5678,273
,5679,1100
,5680,848
,5681,1058
,5682,13658
,5683,2153
,5684,3729
,5685,950
,5686,107
,5687,398
,5688,566
,5689,526
,5690,747
,5691,446
,5692,231
,5693,199
,5694,18819
,5695,25315
,5696,415
,5697,354
,5698,4361
,5699,1354
,5700,1691
,5701,10781
,5702,1152
,5703,10923
,5704,12285
,5705,5524
,5706,11242
,5707,8701
,5708,15864
,5709,1839
,5710,1572
,5711,47094
,5712,33653
,5713,3951
,5714,1291
,5715,4289
,5716,2106
,5717,5009
,5718,22384
,5719,11699
,5720,10244
,5721,15989
,5722,3390
,5723,10556
,5724,4705
,5725,66609
,5726,1860
,5727,2733
,5728,1528
,5729,1733
,5730,24409
,5731,5433
,5732,3107
,5733,5620
,5734,16193
,5735,18013
,5736,58120
,5737,33654
,5738,5047
,5739,13071
,5740,2478
,5741,9224
,5742,5260
,5743,20761
,5744,2953
,5745,18904
,5746,36660
,5747,9313
,5748,4033
,5749,17629
,5750,6962
,5751,20363
,5752,13572
,5753,13311
,5754,20818
,5755,27674
,5756,18813
,5757,54863
,5758,39751
,5759,69008
,5760,8531
,5761,20238
,5762,11490
,5763,9662
,5764,11589
,5765,29554
,5766,17047
,5767,171635
,5768,27603
,5769,23831
,5770,6078
,5771,4648
,5772,871
,5773,4706
,5774,19468
,5775,2580
,5776,18585
,5777,318
,5778,4317
,5779,1570
,5780,13487
,5781,1041
,5782,100
,5783,2803
,5784,1745
,5785,458
,5786,20058
,5787,3225
,5788,5988
,5789,6189
,5790,1466
,5791,4048
,5792,1127
,5793,17138
,5794,4467
,5795,40718
,5796,38684
,5797,5298
,5798,4739
,5799,12068
,5800,10876
,5801,60488
,5802,6853
,5803,4259
,5804,38694
,5805,241
,5806,1237
,5807,3464
,5808,10302
,5809,7172
,5810,13325
,5811,89782
,5812,9851
,5813,20420
,5814,1250
,5815,4242
,5816,3239
,5817,2876
,5818,18766
,5819,33516
,5820,10232
,5821,8849
,5822,15329
,5823,12317
,5824,7813
,5825,5859
,5826,12516
,5827,2612
,5828,2878
,5829,51640
,5830,2962
,5831,5184
,5832,3669
,5833,21005
,5834,3317
,5835,4166
,5836,1280
,5837,6266
,5838,13163
,5839,3124
,5840,23737
,5841,6428
,5842,32163
,5843,15035
,5844,2920
,5845,12913
,5846,3208
,5847,3591
,5848,9032
,5849,6328
,5850,75013
,5851,4919
,5852,4596
,5853,4776
,5854,19928
,5855,3339
,5856,875
,5857,360
,5858,1048
,5859,1606
,5860,19106
,5861,1589
,5862,17942
,5863,2987
,5864,37717
,5865,1667
,5866,2543
,5867,38088
,5868,1543
,5869,7930
,5870,3094
,5871,495
,5872,9381
,5873,3378
,5874,510
,5875,1461
,5876,2296
,5877,3741
,5878,13808
,5879,20642
,5880,8886
,5881,2074
,5882,11738
,5883,2294
,5884,39424
,5885,3493
,5886,5814
,5887,4577
,5888,932
,5889,5157
,5890,61
,5891,374
,5892,91
,5893,913
,5894,29372
,5895,6801
,5896,12332
,5897,7890
,5898,1581
,5899,15161
,5900,926
,5901,264
,5902,336
,5903,1298
,5904,1171
,5905,6604
,5906,5651
,5907,21821
,5908,1397
,5909,4649
,5910,946
,5911,1332
,5912,623
,5913,1025
,5914,30
,5915,509
,5916,2224
,5917,2087
,5918,2592
,5919,1428
,5920,2045
,5921,34
,5922,1076
