HID,TAZ,TRIPS
,1,2453
,2,5921
,3,50182
,4,6553
,5,9788
,6,6092
,7,21949
,8,3458
,9,2597
,10,86574
,11,1265
,12,684
,13,8148
,14,22790
,15,2993
,16,3867
,17,2402
,18,4371
,19,1556
,20,8031
,21,853
,22,1226
,23,516
,24,415
,25,6522
,26,23010
,27,3040
,28,17332
,29,234
,30,4493
,31,1832
,32,3521
,33,2780
,34,2279
,35,3104
,36,1608
,37,367
,38,3917
,39,8611
,40,2784
,41,59289
,42,12734
,43,10116
,44,19817
,45,52968
,46,8113
,47,10442
,48,6290
,49,1210
,50,1962
,51,889
,52,40097
,53,24357
,54,57880
,55,27518
,56,29380
,57,13735
,58,95371
,59,84924
,60,14219
,61,155558
,62,20019
,63,37488
,64,10068
,65,3832
,66,16845
,67,29672
,68,42853
,69,121714
,70,57658
,71,56337
,72,37112
,73,7731
,74,28391
,75,35718
,76,42727
,77,44461
,78,19364
,79,44802
,80,59190
,81,13857
,82,21512
,83,9971
,84,22277
,85,119447
,86,55739
,87,160244
,88,27084
,89,29362
,90,42664
,91,37197
,92,19847
,93,12418
,94,48993
,95,54320
,96,40398
,97,87074
,98,47028
,99,7835
,100,9721
,101,104724
,102,51589
,103,18249
,104,87808
,105,2914
,106,82459
,107,43174
,108,34642
,109,3866
,110,3110
,111,27732
,112,4913
,113,10625
,114,35968
,115,4419
,116,1868
,117,36078
,118,42550
,119,77183
,120,42236
,121,10289
,122,109071
,123,46754
,124,100286
,125,45864
,126,16993
,127,7924
,128,15269
,129,6164
,130,71331
,131,77034
,132,43640
,133,13878
,134,6700
,135,92145
,136,1123
,137,6894
,138,7265
,139,23190
,140,19353
,141,67258
,142,2945
,143,20461
,144,19202
,145,27646
,146,85864
,147,41535
,148,5952
,149,1413
,150,28083
,151,13751
,152,16670
,153,2881
,154,24501
,155,19509
,156,26395
,157,11128
,158,910
,159,13889
,160,4263
,161,24523
,162,17298
,163,22396
,164,14021
,165,12343
,166,27488
,167,20319
,168,30272
,169,19886
,170,180964
,171,90666
,172,29877
,173,39204
,174,48781
,175,5089
,176,45773
,177,38109
,178,14932
,179,2105
,180,17383
,181,14722
,182,37948
,183,4994
,184,28180
,185,20358
,186,19758
,187,1091
,188,11399
,189,4923
,190,20334
,191,2730
,192,13918
,193,4818
,194,9251
,195,69527
,196,88920
,197,55999
,198,75930
,199,69337
,200,10236
,201,12238
,202,45564
,203,289
,204,23362
,205,1822
,206,74389
,207,5621
,208,88564
,209,3116
,210,75526
,211,48965
,212,11862
,213,3281
,214,22809
,215,25106
,216,9300
,217,3438
,218,112
,219,3583
,220,58046
,221,70678
,222,612
,223,4509
,224,10538
,225,19292
,226,6900
,227,2963
,228,28648
,229,623
,230,711
,231,4068
,232,14779
,233,4498
,234,19609
,235,636
,236,4716
,237,9107
,238,23960
,239,29831
,240,70021
,241,26995
,242,1782
,243,60408
,244,56712
,245,15993
,246,103024
,247,59546
,248,125935
,249,28510
,250,17977
,251,9348
,252,5920
,253,162
,254,22578
,255,47674
,256,49413
,257,11032
,258,22853
,259,13368
,260,6656
,261,46123
,262,32045
,263,5359
,264,17725
,265,597
,266,1004
,267,1770
,268,6342
,269,1390
,270,8751
,271,82154
,272,758
,273,2722
,274,19610
,275,3643
,276,11187
,277,665
,278,16078
,279,8606
,280,16950
,281,44699
,282,9178
,283,12699
,284,209
,285,25953
,286,87239
,287,234090
,288,17013
,289,155551
,290,29391
,292,1319
,293,24992
,294,1727
,295,12927
,296,99340
,297,187171
,298,8704
,299,1161
,300,1539
,301,76452
,302,161375
,303,162331
,304,95551
,305,30657
,306,1131
,307,13722
,308,8658
,309,4887
,310,13306
,311,57122
,312,18746
,313,1856
,314,103290
,315,54423
,316,3659
,317,15831
,318,1507
,319,47936
,320,2341
,321,1355
,322,606
,323,868
,324,445
,325,1618
,326,13322
,327,46043
,328,50559
,329,9104
,330,22146
,331,1124
,332,2516
,333,20398
,334,13167
,335,4642
,336,50921
,337,44483
,338,51741
,339,12443
,340,57471
,341,51834
,342,68839
,343,71500
,344,8308
,345,44797
,346,213634
,347,111823
,348,13822
,349,11811
,350,15374
,351,6459
,352,33251
,353,28702
,354,700
,355,46277
,356,8243
,357,12488
,358,88217
,359,1942
,360,18787
,361,25961
,362,11888
,363,17737
,364,48476
,365,20977
,366,27379
,367,164901
,368,46344
,369,2019
,370,1095
,371,3690
,372,10667
,373,19771
,374,5859
,375,22166
,376,23130
,377,473
,378,11063
,379,13162
,380,32231
,381,14099
,382,18556
,383,9984
,384,26937
,385,18031
,386,26381
,387,13975
,388,42421
,389,13956
,390,8062
,391,1428
,392,24694
,393,1087
,394,2358
,395,1753
,396,1439
,397,16142
,398,25608
,399,28512
,400,23039
,401,9474
,402,5933
,403,5627
,404,3870
,405,1796
,406,11960
,407,2199
,408,2174
,409,10990
,410,7234
,411,26249
,412,3560
,413,470
,414,2478
,415,5689
,416,24857
,417,2034
,418,3293
,419,22226
,420,6383
,421,10857
,422,795
,423,4061
,424,17707
,425,24999
,426,2109
,428,26969
,429,5879
,430,17575
,431,885
,432,940
,433,9363
,434,15297
,435,20852
,436,14736
,437,7155
,438,1703
,439,1474
,440,867
,441,2369
,442,760
,443,25644
,444,1247
,445,20542
,446,466
,447,10605
,448,15665
,449,12443
,450,2678
,451,6741
,452,1610
,453,1249
,454,6345
,455,7912
,456,22058
,457,3682
,458,558
,459,4201
,460,15658
,461,2671
,462,11460
,463,2295
,464,43893
,465,3483
,466,20095
,467,17354
,468,887
,469,1302
,470,8428
,471,4520
,472,1400
,473,7435
,474,16845
,475,954
,476,27531
,477,9759
,478,6753
,479,6474
,480,8361
,481,408
,482,16079
,483,2624
,484,262644
,485,585
,486,95111
,487,2401
,488,87658
,489,12968
,490,7845
,491,9079
,492,13373
,493,35752
,494,26171
,495,52560
,496,48246
,497,14655
,498,904
,499,2698
,500,7210
,501,17331
,502,4593
,503,38574
,504,9957
,505,16441
,506,7779
,507,3370
,508,9099
,509,7834
,510,3231
,511,85872
,512,23105
,513,22056
,514,41075
,515,22231
,516,18959
,517,57524
,518,1910
,519,8348
,520,37672
,521,9795
,522,18220
,523,3564
,524,35045
,525,17127
,526,10888
,527,6078
,528,10516
,529,8245
,530,7141
,531,2960
,532,1378
,533,11797
,534,27095
,535,1384
,536,2011
,537,7997
,538,67115
,539,6838
,540,9990
,541,28398
,542,30200
,543,5394
,544,76932
,545,1206
,546,56136
,547,193876
,548,143278
,549,22709
,550,17969
,551,7299
,552,56791
,553,85962
,554,98906
,555,9977
,556,2375
,557,30668
,558,4716
,559,2503
,560,9828
,561,6750
,562,13548
,563,5290
,564,14283
,565,29500
,566,2504
,567,3895
,568,5732
,569,4519
,570,1854
,571,6908
,572,45543
,573,49358
,574,21413
,575,15613
,576,20047
,577,8753
,578,6460
,579,19228
,580,3045
,581,20022
,582,1712
,583,169
,584,5980
,585,8405
,586,1302
,587,10720
,588,2660
,589,4913
,590,18349
,591,3519
,592,3824
,593,50220
,594,1679
,595,3197
,596,2536
,597,4850
,598,5655
,599,6359
,600,4536
,601,6155
,602,7221
,603,47943
,604,10967
,605,2297
,606,1568
,607,48911
,608,1831
,609,7777
,610,15133
,611,6238
,612,640
,613,12769
,614,12613
,615,7285
,616,4745
,617,9163
,618,3611
,619,2337
,620,702
,621,1657
,622,1749
,623,763
,624,3647
,625,2354
,626,2311
,627,271
,628,1922
,629,8830
,630,6646
,631,1281
,632,9032
,633,5538
,634,14973
,635,687
,636,6342
,637,13294
,638,3921
,639,12713
,640,4154
,641,3285
,642,11962
,643,5646
,644,3907
,645,3946
,646,3802
,647,9463
,648,2127
,649,8717
,650,2563
,651,4181
,652,19369
,653,4516
,654,7270
,655,1354
,656,3649
,657,1802
,658,137422
,659,2736
,660,2631
,662,9498
,663,1789
,664,13805
,665,123179
,666,156621
,667,27372
,668,5466
,669,622
,670,58099
,671,5463
,672,906
,673,3363
,674,70801
,675,66992
,676,31002
,677,1433
,678,109512
,679,18233
,680,196315
,681,26743
,682,20097
,683,12626
,684,12857
,685,16300
,686,19035
,687,6800
,688,11776
,689,2532
,690,6820
,691,10391
,692,76717
,693,26714
,694,10781
,695,134332
,696,921
,697,367
,698,2130
,699,6751
,700,2544
,701,17703
,702,49196
,703,104168
,704,166
,705,54693
,706,13464
,707,7968
,708,13867
,709,3765
,710,5587
,711,10649
,712,9860
,713,2998
,714,14478
,715,91687
,716,11509
,717,8683
,718,23607
,719,29801
,720,1058
,721,1263
,722,2605
,723,7387
,724,1476
,725,8726
,726,6648
,727,102372
,728,63806
,729,30882
,730,6578
,731,428
,732,14489
,733,22025
,734,9540
,735,84466
,736,6374
,737,30055
,738,2940
,739,3377
,740,36647
,741,1424
,742,1280
,743,10528
,744,37360
,745,8907
,746,33782
,747,40548
,748,57121
,749,29616
,750,74684
,751,8227
,752,21427
,753,22974
,754,4849
,755,14499
,756,3508
,757,6783
,758,3375
,759,71553
,760,11369
,761,16931
,762,13015
,763,8318
,764,52398
,765,13367
,766,19252
,767,11068
,768,96
,769,1432
,770,16775
,771,1491
,772,3413
,773,41348
,774,124
,775,4639
,776,5839
,777,48789
,778,93
,779,1819
,780,3068
,781,1832
,782,2911
,783,14334
,784,3714
,785,3131
,786,4353
,787,28892
,788,3255
,789,15942
,790,2010
,791,5866
,792,1842
,793,1073
,794,4576
,795,1425
,796,8555
,797,718
,798,2604
,799,4873
,800,4123
,801,900
,802,2520
,803,6757
,804,987
,805,1113
,806,673
,807,78
,808,6264
,809,312
,810,11940
,811,853
,812,6574
,813,960
,814,8307
,815,3915
,816,1462
,817,2894
,818,1417
,819,1333
,820,1059
,821,6634
,822,11240
,823,2434
,824,6587
,825,2450
,826,2053
,827,5553
,828,2767
,829,1079
,830,9877
,831,392
,832,2089
,833,911
,834,12151
,835,342
,836,12479
,837,3947
,838,2767
,839,2241
,840,291
,841,13792
,842,25292
,843,8915
,844,1133
,845,3155
,846,11754
,847,11033
,848,5881
,849,16575
,850,7176
,851,2536
,852,8920
,853,7030
,854,9928
,855,15271
,856,5069
,857,14704
,858,12308
,859,569
,860,4339
,861,8480
,862,4396
,863,1284
,864,44295
,865,1264
,866,2319
,867,7465
,868,554
,869,10284
,870,6986
,871,2150
,872,5969
,873,6030
,874,15901
,875,2290
,876,1063
,877,1640
,878,2416
,879,8978
,880,13344
,881,1957
,882,651
,883,14600
,884,2027
,885,3951
,886,2206
,887,1549
,888,10239
,889,3538
,890,798
,891,7201
,892,527
,893,20026
,894,2534
,895,884
,896,1190
,897,398
,898,21598
,899,10148
,900,24983
,901,1974
,902,6351
,903,7134
,904,17281
,905,16325
,906,875
,907,3952
,908,1951
,909,2918
,910,1920
,911,6291
,912,7004
,913,18355
,914,25446
,915,14943
,916,10417
,917,16366
,918,4725
,919,9985
,920,13577
,921,8437
,922,5500
,923,1102
,924,3216
,925,2678
,926,2609
,927,3344
,928,3819
,929,2867
,930,21737
,931,11078
,932,5849
,933,22309
,934,65823
,935,4604
,936,4042
,937,5479
,938,23363
,939,3623
,940,8297
,941,1184
,943,1445
,944,12691
,945,2962
,946,755
,947,2328
,948,548
,949,10893
,950,3275
,951,11983
,952,5038
,953,4440
,954,12617
,955,5845
,956,1111
,957,8783
,958,18345
,959,53215
,960,1043
,961,2780
,962,2713
,963,1994
,964,3878
,965,6130
,966,6449
,967,1492
,968,1074
,969,519
,970,1725
,971,695
,972,9347
,973,34976
,974,535
,975,33877
,976,2561
,977,3119
,978,25226
,979,14061
,980,1343
,981,1199
,982,2594
,983,4113
,984,4882
,985,3885
,986,12975
,987,4999
,988,2440
,989,8388
,990,1154
,991,2191
,992,4640
,993,3130
,994,9807
,995,2219
,996,11207
,997,6924
,998,1272
,999,2870
,1000,1042
,1001,14771
,1002,2378
,1003,11218
,1004,5426
,1005,1827
,1006,2896
,1007,5944
,1008,2726
,1009,39615
,1010,2135
,1011,19530
,1012,3461
,1013,22
,1014,2001
,1015,122
,1016,3466
,1017,6572
,1018,441
,1019,1237
,1020,432
,1021,32671
,1022,59138
,1023,5631
,1024,4102
,1025,6230
,1026,780
,1027,152
,1028,16747
,1029,220
,1030,1957
,1031,1840
,1032,5325
,1033,2043
,1034,10764
,1035,6739
,1036,627
,1037,236
,1038,15221
,1039,34242
,1040,8645
,1041,2038
,1042,20378
,1043,107168
,1044,17863
,1045,7741
,1046,2365
,1047,6193
,1048,1328
,1049,28433
,1050,8258
,1051,17917
,1052,3388
,1053,9979
,1054,2748
,1055,1891
,1056,5685
,1057,1941
,1058,10693
,1059,1498
,1060,5068
,1061,18908
,1062,875
,1063,19227
,1064,424
,1065,1351
,1066,4794
,1067,4543
,1068,18391
,1069,24526
,1070,13198
,1071,2353
,1072,2278
,1073,5636
,1074,4839
,1075,37648
,1076,1643
,1077,2558
,1078,8195
,1079,11425
,1080,7707
,1081,5470
,1082,669
,1083,8491
,1084,13789
,1085,847
,1086,2591
,1087,9687
,1088,2727
,1089,4425
,1090,1579
,1091,18952
,1092,1888
,1093,734
,1094,5434
,1095,2279
,1096,664
,1097,29226
,1098,962
,1099,618
,1100,2538
,1101,13871
,1102,27476
,1103,6278
,1104,2845
,1105,21197
,1106,445
,1107,2458
,1108,5093
,1109,3796
,1110,3620
,1111,2223
,1112,10565
,1113,26792
,1114,9298
,1115,4802
,1116,63355
,1117,1802
,1118,1625
,1119,10573
,1120,12017
,1121,4944
,1122,10801
,1123,10347
,1124,61029
,1125,9180
,1126,3912
,1127,9009
,1128,7978
,1129,38024
,1130,66056
,1131,66677
,1132,20150
,1133,338006
,1135,17237
,1136,74909
,1137,26843
,1138,14702
,1139,3386
,1140,16826
,1141,142
,1142,589
,1143,345
,1144,1346
,1145,45597
,1146,20616
,1147,26346
,1148,24519
,1149,3498
,1150,102
,1151,909
,1152,30216
,1153,5891
,1154,2582
,1155,38068
,1156,10294
,1157,13966
,1158,2307
,1159,4576
,1160,29892
,1161,2755
,1162,54308
,1163,35533
,1164,2327
,1165,12079
,1166,2994
,1167,3245
,1168,7807
,1169,1078
,1170,46098
,1171,63221
,1172,40991
,1173,5035
,1174,52743
,1175,21877
,1176,8076
,1177,48212
,1178,53192
,1179,9372
,1180,12679
,1181,6523
,1182,7583
,1183,25422
,1184,18357
,1185,25410
,1186,10836
,1187,42548
,1188,16825
,1189,2069
,1190,22798
,1191,28
,1192,3568
,1193,11443
,1194,7787
,1195,13365
,1196,2019
,1197,40228
,1198,7633
,1199,26006
,1200,22649
,1201,20689
,1202,80
,1203,111
,1204,38918
,1205,32444
,1206,13525
,1207,58382
,1208,2847
,1209,1470
,1210,21740
,1211,14532
,1212,13662
,1213,7535
,1214,7042
,1215,88486
,1216,229
,1217,10698
,1218,13933
,1219,7704
,1220,2725
,1221,7580
,1222,54
,1223,89
,1224,2347
,1225,809
,1226,15153
,1227,4075
,1228,2254
,1229,5437
,1230,23646
,1231,2148
,1232,1030
,1233,4877
,1234,765
,1235,83069
,1236,2668
,1237,113
,1238,5146
,1239,37220
,1240,14072
,1241,18999
,1242,38612
,1243,6138
,1244,36539
,1245,117598
,1246,33918
,1247,4646
,1248,6056
,1249,4039
,1250,9786
,1251,132
,1252,26428
,1253,61287
,1254,735
,1255,186
,1256,8562
,1257,4566
,1258,1808
,1259,198
,1260,1698
,1261,164
,1262,270
,1263,236
,1264,225
,1265,710
,1266,6412
,1267,2820
,1268,15
,1269,367
,1270,151
,1271,288
,1272,587
,1273,2513
,1274,9255
,1275,15223
,1276,683
,1277,612
,1278,8060
,1279,264
,1280,1877
,1281,131
,1282,139
,1283,464
,1284,78
,1285,829
,1286,3088
,1287,1215
,1288,208
,1289,415
,1290,30
,1291,761
,1292,1649
,1293,754
,1294,3835
,1295,4099
,1296,451
,1297,4707
,1298,26804
,1299,18530
,1300,62887
,1301,12178
,1302,8279
,1303,96180
,1304,63764
,1305,13266
,1306,4226
,1307,4946
,1308,5163
,1309,1512
,1310,23616
,1311,9865
,1312,264
,1313,52825
,1314,23016
,1315,40867
,1316,24205
,1317,179189
,1318,6424
,1319,15816
,1320,83498
,1321,120626
,1322,60051
,1323,102496
,1324,70699
,1325,121676
,1326,6256
,1327,2583
,1328,29073
,1329,21235
,1330,4601
,1331,9551
,1332,7258
,1333,5278
,1334,26184
,1335,46136
,1336,9241
,1337,21329
,1338,2671
,1339,2023
,1340,48611
,1341,9856
,1342,22000
,1343,1156
,1344,10788
,1345,45547
,1346,27342
,1347,17545
,1348,13561
,1349,10821
,1350,74543
,1351,2821
,1352,36050
,1353,17565
,1354,45098
,1355,51457
,1356,4117
,1357,23450
,1358,19162
,1359,212
,1360,19020
,1361,34591
,1362,14649
,1363,9858
,1364,7790
,1365,13893
,1366,1265
,1367,3298
,1368,81598
,1369,1166
,1370,10092
,1371,23829
,1372,20499
,1373,33087
,1374,17685
,1375,7146
,1376,63035
,1377,6347
,1378,9390
,1379,49275
,1380,90684
,1381,13473
,1382,9368
,1383,47326
,1384,13939
,1385,31100
,1386,6813
,1387,14407
,1388,128597
,1390,7263
,1391,17685
,1392,15554
,1393,4443
,1394,13225
,1395,5578
,1396,13533
,1397,13774
,1398,83449
,1399,10898
,1400,6088
,1401,3851
,1402,3432
,1403,3896
,1404,29729
,1405,5170
,1406,35784
,1407,14593
,1408,28163
,1409,13933
,1410,8840
,1411,37277
,1412,30051
,1413,7552
,1414,24715
,1415,17676
,1416,3922
,1417,5698
,1418,78066
,1419,8332
,1420,9933
,1421,6158
,1422,3043
,1423,7273
,1424,41606
,1425,18856
,1426,13972
,1427,105416
,1428,161
,1429,7453
,1430,14352
,1431,48126
,1432,12551
,1433,8806
,1434,13049
,1435,2677
,1436,28743
,1437,71012
,1438,11946
,1439,5552
,1440,1075
,1441,13497
,1442,48072
,1443,7383
,1444,32248
,1445,38387
,1446,43107
,1447,6908
,1448,4000
,1449,9661
,1450,39249
,1451,21225
,1452,31793
,1453,32401
,1454,19936
,1455,16148
,1456,57969
,1457,33262
,1458,38387
,1459,9635
,1460,20113
,1461,45860
,1462,42767
,1463,706
,1464,12308
,1465,9285
,1466,6299
,1467,14734
,1468,12605
,1469,12631
,1470,16682
,1471,50782
,1472,10017
,1473,40519
,1474,41620
,1475,37560
,1476,55962
,1477,9458
,1478,37371
,1479,41639
,1480,5976
,1481,12600
,1482,1134
,1483,4738
,1484,27610
,1485,14645
,1486,3507
,1487,21726
,1488,3524
,1489,7215
,1490,4284
,1491,11504
,1492,1305
,1493,1965
,1494,7269
,1495,24702
,1496,6450
,1497,11390
,1498,47236
,1499,9245
,1500,10836
,1501,47157
,1502,8227
,1503,31424
,1504,32093
,1505,26169
,1506,17213
,1507,19664
,1508,2339
,1509,13051
,1510,5062
,1511,23328
,1512,11840
,1513,21683
,1514,16194
,1515,1348
,1516,1297
,1517,14379
,1518,17096
,1519,32729
,1520,7638
,1521,515
,1522,2947
,1523,9638
,1524,104929
,1525,96077
,1526,2860
,1527,1728
,1528,1576
,1529,18920
,1530,9481
,1531,7707
,1532,11741
,1533,4879
,1534,41982
,1535,10240
,1536,52636
,1537,43582
,1538,7134
,1539,2755
,1540,100036
,1541,11641
,1542,17818
,1543,4747
,1544,11713
,1545,4732
,1546,5513
,1547,4186
,1548,28919
,1549,26761
,1550,22703
,1551,18754
,1552,18143
,1553,48390
,1554,24305
,1555,15832
,1556,15911
,1557,19308
,1558,13522
,1559,20113
,1560,83714
,1561,55737
,1562,9462
,1563,30110
,1564,45518
,1565,33909
,1566,12792
,1567,1391
,1568,25573
,1569,19425
,1570,4119
,1571,1990
,1572,2548
,1573,4968
,1574,18598
,1575,24613
,1576,122793
,1577,3622
,1578,4193
,1579,33390
,1580,136796
,1581,36477
,1582,133609
,1583,571830
,1584,3838
,1585,2609
,1586,4177
,1587,15687
,1588,2768
,1589,1494
,1590,6534
,1591,4009
,1592,1624
,1593,4711
,1594,912
,1595,5818
,1596,20935
,1597,229
,1598,752
,1599,939
,1600,4619
,1601,273
,1602,5282
,1603,11675
,1604,38776
,1605,32513
,1606,30825
,1607,18561
,1608,20324
,1609,676
,1610,16614
,1611,1930
,1612,982
,1613,20770
,1614,4073
,1615,2086
,1616,409
,1617,1577
,1618,14916
,1619,14885
,1620,14107
,1621,17584
,1622,11750
,1623,16007
,1624,19867
,1625,21287
,1626,1643
,1627,2555
,1628,29169
,1629,37319
,1630,20984
,1631,18289
,1632,510
,1633,498
,1634,241
,1635,2815
,1636,1482
,1637,1406
,1638,5170
,1639,959
,1640,2176
,1641,2481
,1642,313
,1643,1611
,1644,3938
,1645,22312
,1646,4021
,1647,759
,1648,5953
,1649,699
,1650,17811
,1651,5885
,1652,11405
,1653,1434
,1654,1087
,1655,8492
,1656,16240
,1657,5676
,1658,6736
,1659,913
,1660,2027
,1661,2327
,1662,22095
,1663,6991
,1664,19593
,1665,2234
,1666,1732
,1667,4546
,1668,2461
,1669,13977
,1670,216
,1671,7642
,1672,19083
,1673,32801
,1674,10522
,1675,3020
,1676,758
,1677,8295
,1678,9840
,1679,6505
,1680,8706
,1681,6563
,1682,8977
,1683,648
,1684,5385
,1685,342
,1686,863
,1687,7175
,1688,3083
,1689,11594
,1690,4727
,1691,26798
,1692,3470
,1693,6893
,1694,1005
,1695,18784
,1696,9045
,1697,4250
,1698,23488
,1699,1917
,1700,6181
,1701,10481
,1702,4223
,1703,650
,1704,19302
,1705,4588
,1706,587
,1707,12794
,1708,10331
,1709,1120
,1710,1709
,1711,19168
,1712,8190
,1713,17044
,1714,22461
,1715,497
,1716,17530
,1717,1984
,1718,4819
,1719,556
,1720,11456
,1721,364
,1722,9228
,1723,9332
,1724,13902
,1725,10036
,1726,14004
,1727,2891
,1728,8080
,1729,2571
,1730,21380
,1731,5103
,1732,1917
,1733,16270
,1734,14113
,1735,7447
,1736,4808
,1737,4000
,1738,12113
,1739,10817
,1740,2635
,1741,16946
,1742,5186
,1743,13063
,1744,2941
,1745,51984
,1746,21564
,1747,17135
,1748,18731
,1749,41328
,1750,27620
,1751,5416
,1752,830
,1753,34170
,1754,7281
,1755,27241
,1756,1130
,1757,10031
,1758,34063
,1759,3395
,1760,12635
,1761,2211
,1762,260
,1763,17608
,1764,9444
,1765,6248
,1766,18175
,1767,26363
,1768,9047
,1769,2975
,1770,3551
,1771,49723
,1772,109
,1773,36197
,1774,3382
,1775,17876
,1776,821
,1777,15369
,1778,2429
,1779,9150
,1780,38151
,1781,25578
,1782,19753
,1783,40821
,1784,3629
,1785,7024
,1786,2225
,1787,25359
,1788,5148
,1789,5125
,1790,29885
,1791,17691
,1792,14590
,1793,8615
,1794,36595
,1795,31651
,1796,4060
,1797,9115
,1798,23000
,1799,33887
,1800,60521
,1801,54105
,1802,18434
,1803,9337
,1804,11900
,1805,30407
,1806,39905
,1807,24265
,1808,17575
,1809,18710
,1810,25785
,1811,3799
,1812,4928
,1813,4609
,1814,23567
,1815,4652
,1816,10695
,1817,5380
,1818,13500
,1819,8231
,1820,5504
,1821,33259
,1822,57434
,1823,36384
,1824,22283
,1825,10230
,1826,3783
,1827,628
,1828,4418
,1829,4796
,1830,2594
,1831,7178
,1832,887
,1833,15739
,1834,1179
,1835,146
,1836,1619
,1837,396
,1838,3708
,1839,11594
,1840,62032
,1841,8887
,1842,3519
,1843,7205
,1844,3148
,1845,5332
,1846,2494
,1847,2742
,1848,3285
,1849,11139
,1850,3378
,1851,4198
,1852,18972
,1853,75786
,1854,16449
,1855,1658
,1856,556
,1857,986
,1858,2429
,1859,1923
,1860,3862
,1861,2450
,1862,52444
,1863,1206
,1864,38067
,1865,5551
,1866,256
,1867,18971
,1868,50626
,1869,27670
,1870,1511
,1871,2360
,1872,14978
,1873,4152
,1874,614
,1875,2003
,1876,16630
,1877,39757
,1878,3179
,1879,3943
,1880,12550
,1881,49337
,1882,411
,1883,40018
,1884,1940
,1885,3107
,1886,46766
,1887,1242
,1888,588
,1889,2702
,1890,5580
,1891,8305
,1892,859
,1893,22894
,1894,3134
,1895,49845
,1896,29757
,1897,51028
,1898,1356
,1899,3022
,1900,3288
,1901,2227
,1902,492
,1903,7265
,1904,2591
,1905,2157
,1906,7632
,1907,2683
,1908,1295
,1909,1911
,1910,3829
,1911,1205
,1912,40051
,1913,27199
,1914,2259
,1915,978
,1916,7870
,1917,7800
,1918,18947
,1919,19525
,1920,374
,1921,6510
,1922,26559
,1923,15782
,1924,1590
,1925,2045
,1926,3039
,1927,144
,1928,2548
,1929,2940
,1930,25658
,1931,100764
,1932,14744
,1933,17855
,1934,4263
,1935,5589
,1936,4445
,1937,18264
,1938,8426
,1939,7640
,1940,7996
,1941,3666
,1942,25297
,1943,18287
,1944,5717
,1945,3514
,1946,17279
,1947,1443
,1948,22642
,1949,14614
,1950,2957
,1951,788
,1952,6224
,1953,3254
,1954,28848
,1955,5240
,1956,11227
,1957,63575
,1958,7910
,1959,27125
,1960,3864
,1961,16921
,1962,11713
,1963,28931
,1964,18678
,1965,6008
,1966,12818
,1967,9897
,1968,7294
,1969,12440
,1970,1217
,1971,7840
,1972,30303
,1973,49
,1974,22102
,1975,5113
,1976,22206
,1977,1464
,1978,67231
,1979,2186
,1980,35234
,1981,21651
,1982,11278
,1983,1115
,1984,25319
,1985,47418
,1986,1123
,1987,21080
,1988,51710
,1989,25347
,1990,12385
,1991,12417
,1992,74590
,1993,40464
,1994,36084
,1995,59612
,1996,6163
,1997,62918
,1998,17648
,1999,78752
,2000,21523
,2001,36829
,2002,1615
,2003,250301
,2004,12980
,2005,32311
,2006,15883
,2007,11864
,2008,17896
,2009,24286
,2010,35070
,2011,16283
,2012,15434
,2013,29246
,2014,28094
,2015,89891
,2016,48811
,2017,38580
,2018,35613
,2019,9792
,2020,70152
,2021,7048
,2022,6247
,2023,11135
,2024,2709
,2025,7737
,2026,50867
,2027,53429
,2028,39374
,2029,7701
,2030,23620
,2031,4080
,2032,64357
,2033,11426
,2034,18755
,2035,53135
,2036,37805
,2037,48490
,2038,16532
,2039,15362
,2040,15807
,2041,2289
,2042,5097
,2043,6803
,2044,1442
,2045,11164
,2046,26822
,2047,7931
,2048,16755
,2049,10080
,2050,42417
,2051,4462
,2052,4540
,2053,3898
,2054,25833
,2055,9591
,2056,25364
,2057,33052
,2058,4409
,2059,3527
,2060,28882
,2061,4188
,2062,3897
,2063,2819
,2064,68948
,2065,35118
,2066,21937
,2067,21996
,2068,16389
,2069,11095
,2070,6968
,2071,1362
,2072,30596
,2073,11102
,2074,58924
,2075,3024
,2076,25385
,2077,1598
,2078,11669
,2079,6158
,2080,8644
,2081,5056
,2082,21394
,2083,12327
,2084,28827
,2085,4245
,2086,3304
,2087,11656
,2088,8619
,2089,843
,2090,10664
,2091,7918
,2092,851
,2093,2930
,2094,9112
,2095,678
,2096,16396
,2097,2444
,2098,7326
,2099,16156
,2100,3352
,2101,14562
,2102,461
,2103,11218
,2104,8082
,2105,12844
,2106,3778
,2107,176
,2108,22620
,2109,2758
,2110,37117
,2111,1700
,2112,3310
,2113,3608
,2114,637
,2115,17204
,2116,12599
,2117,9034
,2118,2929
,2119,14614
,2120,20837
,2121,2058
,2122,4281
,2123,1357
,2124,76268
,2125,15193
,2126,31419
,2127,34587
,2128,17932
,2129,32785
,2130,27692
,2131,3992
,2132,2380
,2133,3297
,2134,1124
,2135,5739
,2136,9781
,2137,9940
,2138,5081
,2139,1770
,2140,14822
,2141,1999
,2142,66179
,2143,16438
,2144,10833
,2145,43366
,2146,18306
,2147,18161
,2148,31909
,2149,10278
,2150,6815
,2151,3659
,2152,10873
,2153,3519
,2154,8376
,2155,45900
,2156,26500
,2157,6955
,2158,6237
,2159,6127
,2160,15634
,2161,25068
,2162,31403
,2163,5502
,2164,161765
,2165,6083
,2166,2631
,2167,98061
,2168,17259
,2169,162207
,2170,8270
,2171,30369
,2172,96094
,2173,28212
,2174,5739
,2175,20474
,2176,50245
,2177,5478
,2178,16747
,2179,6322
,2180,1250
,2181,9014
,2182,13600
,2183,22296
,2184,13314
,2185,24861
,2186,29360
,2187,2710
,2188,161504
,2189,3119
,2190,3265
,2191,2266
,2192,794
,2193,17289
,2195,12668
,2196,49504
,2197,18027
,2198,24859
,2199,46590
,2200,23341
,2201,37519
,2202,36522
,2203,21225
,2204,1662
,2205,18381
,2206,30773
,2207,35992
,2208,6631
,2209,30827
,2210,101755
,2211,27234
,2212,47768
,2213,1518
,2214,9975
,2215,14217
,2216,33701
,2217,2655
,2218,4916
,2219,28621
,2220,18683
,2221,1266
,2222,44029
,2223,11503
,2224,9186
,2225,957
,2226,29632
,2227,1247
,2228,3836
,2229,59712
,2230,3547
,2231,1957
,2232,17681
,2233,15581
,2234,3644
,2235,2415
,2236,23098
,2237,71740
,2238,2690
,2239,26412
,2240,30367
,2241,15756
,2242,426
,2243,9927
,2244,11001
,2245,21072
,2246,3650
,2247,24555
,2248,3840
,2249,60146
,2250,17089
,2251,30706
,2252,1347
,2253,45455
,2254,31358
,2255,5667
,2256,5050
,2257,27487
,2258,3477
,2259,3193
,2260,9276
,2261,5403
,2262,43979
,2263,79735
,2264,147446
,2265,6009
,2266,30291
,2267,10532
,2268,5024
,2269,10791
,2270,14306
,2271,4622
,2272,26235
,2273,73080
,2274,43207
,2275,62934
,2276,21401
,2277,24969
,2278,36666
,2279,25803
,2280,1059
,2281,1286
,2282,29763
,2283,6114
,2284,12996
,2285,35043
,2286,7339
,2287,6716
,2288,75452
,2289,6581
,2290,33802
,2291,4648
,2292,4201
,2293,39046
,2294,97818
,2295,20208
,2296,34280
,2297,1749
,2298,20144
,2299,7820
,2300,31413
,2301,11538
,2302,5292
,2303,576
,2304,5063
,2305,59417
,2306,18421
,2307,15702
,2308,8540
,2309,61413
,2310,50467
,2311,35261
,2312,61599
,2313,57231
,2314,114447
,2315,23171
,2316,60116
,2317,18081
,2318,14591
,2319,34818
,2320,11383
,2321,155955
,2322,35682
,2324,20994
,2325,9461
,2326,8200
,2327,1470
,2328,46751
,2329,142496
,2330,83649
,2331,37990
,2332,82767
,2333,3902
,2334,35837
,2335,77207
,2336,116593
,2337,48006
,2338,93406
,2339,55293
,2340,2963
,2341,6522
,2342,8742
,2343,21839
,2344,32303
,2345,71836
,2346,15384
,2347,6532
,2348,1022
,2349,20061
,2350,42473
,2351,656
,2352,142797
,2353,16364
,2354,104832
,2355,60845
,2356,71828
,2357,25523
,2358,81351
,2359,6910
,2360,805
,2361,15766
,2362,37302
,2363,36238
,2364,4668
,2365,17537
,2366,249
,2367,6097
,2368,7680
,2369,11390
,2370,5706
,2371,20321
,2372,4160
,2373,9470
,2374,23847
,2375,19160
,2376,42123
,2377,93737
,2378,27126
,2379,41953
,2380,2913
,2381,11773
,2382,8169
,2383,1864
,2384,6861
,2385,12545
,2386,21678
,2387,6913
,2388,12405
,2389,7211
,2390,15455
,2391,4329
,2392,9129
,2393,12372
,2394,51575
,2395,58849
,2396,6887
,2397,19345
,2398,25508
,2399,109572
,2400,12059
,2401,4823
,2402,1791
,2403,30696
,2404,19719
,2405,8580
,2406,5109
,2407,1920
,2408,4208
,2409,53543
,2410,3354
,2411,29135
,2412,24460
,2413,7813
,2414,6117
,2415,2633
,2416,1422
,2417,19109
,2418,5824
,2419,19567
,2420,52513
,2421,4110
,2422,18891
,2423,6207
,2424,111207
,2425,20420
,2426,40539
,2427,2345
,2428,40492
,2429,30540
,2430,2606
,2431,290
,2432,660
,2433,58957
,2434,2104
,2435,1070
,2436,11808
,2437,10643
,2438,2210
,2439,5258
,2440,336
,2441,883
,2442,57
,2443,3111
,2444,13716
,2445,9714
,2446,18190
,2447,12172
,2448,21820
,2449,1786
,2450,4381
,2451,112
,2452,4192
,2453,6095
,2454,61537
,2455,9672
,2456,6845
,2457,1865
,2458,3895
,2459,11827
,2460,3650
,2461,31229
,2462,1000
,2463,15687
,2464,5678
,2465,975
,2466,23129
,2467,8579
,2468,6527
,2469,5367
,2470,7998
,2471,30184
,2472,56054
,2473,323
,2474,2920
,2475,5752
,2476,27426
,2477,6059
,2478,2329
,2479,5026
,2480,7222
,2481,10201
,2482,27995
,2483,5443
,2484,25542
,2485,14411
,2486,50577
,2487,4803
,2488,1684
,2489,37105
,2490,8546
,2491,6857
,2492,34614
,2493,15605
,2494,15461
,2495,6305
,2496,9475
,2497,37720
,2498,5288
,2499,53168
,2500,2363
,2501,8268
,2502,11411
,2503,18389
,2504,7330
,2505,31968
,2506,10830
,2507,20745
,2508,11694
,2509,10312
,2510,10177
,2511,28254
,2512,8817
,2513,13879
,2514,4345
,2515,17096
,2516,25316
,2517,167873
,2518,240301
,2519,38779
,2520,21682
,2521,73780
,2522,73762
,2523,39638
,2524,69237
,2525,48473
,2526,9216
,2527,28311
,2528,5208
,2529,17571
,2530,114458
,2531,4524
,2532,15760
,2533,14371
,2534,9813
,2535,40703
,2536,54518
,2537,12688
,2538,82719
,2539,8560
,2540,29919
,2541,57070
,2542,3294
,2543,10530
,2544,11977
,2545,18434
,2546,57261
,2547,10563
,2548,82872
,2549,48414
,2550,45481
,2551,20276
,2552,13430
,2553,92997
,2554,72277
,2555,53703
,2556,63081
,2557,69210
,2558,2245
,2559,20404
,2560,32386
,2561,26362
,2562,15366
,2563,35257
,2564,7077
,2565,4105
,2566,41041
,2567,45356
,2568,44267
,2569,9383
,2570,63413
,2571,40665
,2572,18411
,2573,86030
,2574,16653
,2575,11385
,2576,69735
,2577,5588
,2578,13244
,2579,9651
,2580,12523
,2581,137959
,2582,20026
,2583,85806
,2584,20125
,2585,33235
,2586,92972
,2587,11926
,2588,4766
,2589,189
,2590,6925
,2591,20290
,2592,28246
,2593,125400
,2594,55779
,2595,1547
,2596,832
,2597,4403
,2598,48234
,2599,6910
,2600,5662
,2601,5870
,2602,2965
,2603,11383
,2604,50348
,2605,3190
,2606,32690
,2607,4825
,2608,1295
,2609,4141
,2610,7258
,2611,10802
,2612,4028
,2613,7737
,2614,29519
,2615,8141
,2616,110108
,2617,2964
,2618,44336
,2619,24424
,2620,1861
,2621,23423
,2622,3804
,2623,2629
,2624,5231
,2625,18840
,2626,11143
,2627,4145
,2628,42600
,2629,56799
,2630,9723
,2631,32984
,2632,27406
,2633,9724
,2634,2083
,2635,8190
,2636,9156
,2637,20424
,2638,59110
,2639,9043
,2640,80313
,2641,32799
,2642,27927
,2643,57744
,2644,25427
,2645,22634
,2646,11245
,2647,10036
,2648,18440
,2649,11422
,2650,4839
,2651,19957
,2652,1887
,2653,41820
,2654,8378
,2655,4694
,2656,9666
,2657,4440
,2658,19360
,2659,40497
,2660,45834
,2661,5187
,2662,3437
,2663,3346
,2664,1593
,2665,718
,2666,3931
,2667,3033
,2668,4545
,2669,7490
,2670,3416
,2671,1636
,2672,33583
,2673,64151
,2674,16217
,2675,11609
,2676,28137
,2677,579
,2678,6999
,2679,4475
,2680,549
,2681,1802
,2682,100926
,2683,8259
,2684,5061
,2685,49734
,2686,29603
,2687,1922
,2688,50351
,2689,719
,2690,101021
,2691,142363
,2692,41352
,2693,7631
,2694,11005
,2695,24932
,2696,3536
,2697,8220
,2698,19597
,2699,28051
,2700,35886
,2701,992
,2702,851
,2703,3348
,2704,9699
,2705,728
,2706,1108
,2707,1504
,2708,4149
,2709,7903
,2710,2229
,2711,6165
,2712,4002
,2713,12404
,2714,16520
,2715,87952
,2716,1606
,2717,16336
,2718,3304
,2719,36093
,2720,53678
,2721,38174
,2722,18005
,2723,14192
,2724,12616
,2725,29757
,2726,11777
,2727,15406
,2728,4241
,2729,2085
,2730,2337
,2731,124933
,2732,8728
,2733,14694
,2734,41217
,2735,42597
,2736,9529
,2737,24449
,2738,11653
,2739,17990
,2740,4847
,2741,4805
,2742,25403
,2743,23361
,2744,9260
,2745,8478
,2746,29901
,2747,172947
,2748,17276
,2749,107301
,2750,21475
,2751,22342
,2752,1167
,2753,70826
,2754,8421
,2755,24926
,2756,10748
,2757,28050
,2758,38261
,2759,32746
,2760,55371
,2761,6833
,2762,31166
,2763,14056
,2764,59793
,2765,26516
,2766,25167
,2767,124839
,2768,22970
,2769,18609
,2770,6899
,2771,4591
,2772,55291
,2773,45362
,2774,58059
,2775,26585
,2776,39765
,2777,19261
,2778,75594
,2779,8235
,2780,79428
,2781,34595
,2782,10240
,2783,40655
,2784,32151
,2785,44110
,2786,23696
,2787,29518
,2788,6394
,2789,69885
,2790,11686
,2791,3606
,2792,18135
,2793,17697
,2794,8112
,2795,15863
,2796,9592
,2797,4620
,2798,20596
,2799,170225
,2800,22942
,2801,20100
,2802,38533
,2803,94048
,2804,130793
,2805,9905
,2806,5797
,2807,28280
,2808,80514
,2809,56514
,2810,36540
,2811,7533
,2812,24024
,2813,40828
,2814,8712
,2815,57451
,2816,56478
,2817,35344
,2818,80331
,2819,31498
,2820,43045
,2821,31487
,2822,60169
,2823,20727
,2824,554
,2825,25480
,2826,17138
,2827,8546
,2828,22925
,2829,2196
,2830,2521
,2831,52117
,2832,76469
,2833,32345
,2834,8953
,2835,11280
,2836,50017
,2837,13580
,2838,18801
,2839,110732
,2840,12220
,2841,17378
,2842,102481
,2843,9017
,2844,4703
,2845,5717
,2846,6847
,2847,33445
,2848,60897
,2849,84440
,2850,11255
,2851,8909
,2852,31869
,2853,23347
,2854,20592
,2855,58040
,2856,17848
,2857,23342
,2858,34288
,2859,41421
,2860,24436
,2861,60647
,2862,46267
,2863,11160
,2864,10010
,2865,67503
,2866,43109
,2867,81890
,2868,55652
,2869,3831
,2870,49048
,2871,23987
,2872,11171
,2873,6842
,2874,48382
,2875,13878
,2876,7808
,2877,28174
,2878,51600
,2879,1123
,2880,7173
,2881,18501
,2882,35016
,2883,8227
,2884,5324
,2885,5135
,2886,16314
,2887,46045
,2888,25168
,2889,102788
,2890,18346
,2891,41810
,2892,1693
,2893,1490
,2894,10100
,2895,4445
,2896,13478
,2897,5157
,2898,4117
,2899,40392
,2900,101074
,2901,13944
,2902,26418
,2903,90025
,2904,1570
,2905,4370
,2906,16150
,2907,12045
,2908,4635
,2909,6721
,2910,144923
,2911,838
,2912,41936
,2913,32071
,2914,14246
,2915,5669
,2916,5339
,2917,15228
,2918,19061
,2919,19059
,2920,36069
,2921,43942
,2922,86139
,2923,7178
,2924,4060
,2925,30047
,2926,11184
,2927,22794
,2928,7118
,2929,6465
,2930,12969
,2931,72549
,2932,90025
,2933,4250
,2934,32651
,2935,43797
,2936,107440
,2937,44290
,2938,12189
,2939,21509
,2940,18733
,2941,20906
,2942,18585
,2943,5685
,2944,34228
,2945,9926
,2946,104217
,2947,22704
,2948,12440
,2949,17313
,2950,24277
,2951,11307
,2952,43341
,2953,53359
,2954,48387
,2955,84497
,2956,516
,2957,10002
,2958,2066
,2959,7515
,2960,2557
,2961,453
,2962,1953
,2963,34608
,2964,3867
,2965,5982
,2966,677
,2967,1969
,2968,2823
,2969,725
,2970,2116
,2971,2086
,2972,24146
,2973,2589
,2974,6180
,2975,1302
,2976,13993
,2977,7924
,2978,46388
,2979,7979
,2980,26839
,2981,5764
,2982,10678
,2983,6818
,2984,29953
,2985,14971
,2986,3829
,2987,6832
,2988,50634
,2989,1707
,2990,22211
,2991,10869
,2992,13258
,2993,50905
,2994,7760
,2995,61203
,2996,1584
,2997,344
,2998,55709
,2999,38075
,3000,4202
,3001,90772
,3002,23988
,3003,31073
,3004,5920
,3005,5169
,3006,13550
,3007,183
,3008,709
,3009,1407
,3010,858
,3011,1240
,3012,888
,3013,485
,3014,1344
,3015,200
,3016,110
,3017,409
,3018,377
,3019,1278
,3020,1272
,3021,1006
,3022,2143
,3023,687
,3024,1425
,3025,15402
,3026,297
,3027,259
,3028,1503
,3029,20499
,3030,554
,3031,417
,3032,642
,3033,1086
,3034,1387
,3035,1901
,3036,13023
,3037,4436
,3038,4138
,3039,24040
,3040,5573
,3041,63799
,3042,17261
,3043,96692
,3044,2108
,3045,11596
,3046,17344
,3047,13023
,3048,13461
,3049,26246
,3050,9143
,3051,7452
,3052,4682
,3053,28133
,3054,8356
,3055,24937
,3056,17458
,3057,9057
,3058,9252
,3059,29833
,3060,24817
,3061,13736
,3062,16053
,3063,18238
,3064,5867
,3065,11392
,3066,23928
,3067,16267
,3068,60718
,3069,14919
,3070,27644
,3071,39564
,3072,7318
,3073,10532
,3074,1658
,3075,5729
,3076,148
,3077,16908
,3078,23266
,3079,1462
,3080,1647
,3081,32405
,3082,45009
,3083,40946
,3084,57513
,3085,12088
,3086,7037
,3087,8759
,3088,16620
,3089,12653
,3090,12518
,3091,6849
,3092,5864
,3093,4544
,3094,15803
,3095,625
,3096,20861
,3097,15300
,3098,712
,3099,427
,3100,1215
,3101,1166
,3102,752
,3103,1013
,3104,3934
,3105,178
,3106,1481
,3107,17706
,3108,17716
,3109,29
,3110,258
,3111,856
,3112,2658
,3113,5693
,3114,2919
,3115,554
,3116,536
,3117,1754
,3118,279
,3119,316
,3120,5895
,3121,2420
,3122,191
,3123,1612
,3124,513
,3125,2232
,3126,42113
,3127,2373
,3128,2198
,3129,1129
,3130,2392
,3131,18728
,3132,5137
,3133,2411
,3134,4375
,3135,3000
,3136,3568
,3137,9945
,3138,1717
,3139,18378
,3140,2290
,3141,5246
,3142,10815
,3143,23386
,3144,2503
,3145,20523
,3146,10230
,3147,24102
,3148,32426
,3149,6936
,3150,265
,3151,1910
,3152,647
,3153,22292
,3154,15972
,3155,44180
,3156,14816
,3157,80440
,3158,6156
,3159,13042
,3160,25873
,3161,13194
,3162,3615
,3163,25866
,3164,22338
,3165,8893
,3166,18105
,3167,30042
,3168,21418
,3169,13262
,3170,1777
,3171,34854
,3172,1367
,3173,1254
,3174,52841
,3175,5218
,3176,2889
,3177,15808
,3178,14973
,3179,2485
,3180,1047
,3181,11720
,3182,2102
,3183,222
,3184,2253
,3185,3992
,3186,5331
,3187,1017
,3188,153
,3189,2000
,3190,911
,3191,2199
,3192,26482
,3193,3760
,3194,1443
,3195,593
,3196,814
,3197,2655
,3198,1650
,3199,4655
,3200,560
,3201,366
,3202,2760
,3203,848
,3204,57423
,3205,1398
,3206,646
,3207,821
,3208,1963
,3209,21878
,3210,190
,3211,304
,3212,9655
,3213,4776
,3214,48315
,3215,5471
,3216,1479
,3217,20657
,3218,191
,3219,445
,3220,875
,3221,1433
,3222,1139
,3223,1946
,3224,2854
,3225,2159
,3226,13634
,3227,1070
,3228,16766
,3229,1666
,3230,58960
,3231,1218
,3232,2121
,3233,2386
,3234,1990
,3235,1288
,3236,5065
,3237,2219
,3238,2407
,3239,671
,3240,1002
,3241,953
,3242,21755
,3243,60709
,3244,4529
,3245,5654
,3246,5962
,3247,3193
,3248,7161
,3249,4556
,3250,4532
,3251,5103
,3252,3128
,3253,2644
,3254,4414
,3255,15156
,3256,424
,3257,333
,3258,462
,3259,1659
,3260,1473
,3261,1063
,3262,13749
,3263,717
,3264,1284
,3265,1497
,3266,717
,3267,2005
,3268,3475
,3269,17154
,3270,17693
,3271,13206
,3272,23600
,3273,2410
,3274,47229
,3275,768
,3276,7666
,3277,1115
,3278,1941
,3279,2654
,3280,15376
,3281,43503
,3282,13718
,3283,788
,3284,17619
,3285,7462
,3286,10290
,3287,12187
,3288,33123
,3289,16880
,3290,6348
,3291,6375
,3292,19705
,3293,44223
,3294,53647
,3295,3451
,3296,857
,3297,5774
,3298,9033
,3299,4168
,3300,35460
,3301,6967
,3302,42359
,3303,16804
,3304,1746
,3305,6737
,3306,24547
,3307,46355
,3308,16526
,3309,30973
,3310,24613
,3311,14957
,3312,6696
,3313,278
,3314,3612
,3315,22034
,3316,94746
,3317,2162
,3318,2632
,3319,1859
,3320,18737
,3321,4187
,3322,5116
,3323,11824
,3324,8591
,3325,3499
,3326,1056
,3327,706
,3328,3574
,3329,4259
,3330,3655
,3331,6612
,3332,3569
,3333,11202
,3334,23940
,3335,3828
,3336,10430
,3337,1928
,3338,3499
,3339,9253
,3340,4825
,3341,2235
,3342,33933
,3343,6976
,3344,13718
,3345,7741
,3346,1145
,3347,96291
,3348,7618
,3349,11728
,3350,39139
,3351,24619
,3352,21954
,3353,3757
,3354,77323
,3355,2124
,3356,1468
,3357,4817
,3358,12219
,3359,5053
,3360,2432
,3361,680
,3362,1458
,3363,651
,3364,2421
,3365,3237
,3366,3278
,3367,929
,3368,10720
,3369,1047
,3370,56266
,3371,850
,3372,1046
,3373,73725
,3374,10274
,3375,1050
,3376,5796
,3377,429
,3378,2436
,3379,26391
,3380,11682
,3381,1715
,3382,3779
,3383,1421
,3384,343
,3385,11917
,3386,21560
,3387,12966
,3388,624513
,3389,17525
,3390,14391
,3391,1782
,3392,57201
,3393,12627
,3394,52609
,3395,26472
,3396,8467
,3397,45628
,3398,5914
,3399,6179
,3400,62246
,3401,10547
,3402,3937
,3403,39537
,3404,17840
,3405,3572
,3406,4687
,3407,8553
,3408,3088
,3409,581
,3410,15370
,3411,1121
,3412,1267
,3413,3509
,3414,1187
,3415,1592
,3416,31753
,3417,10875
,3418,14509
,3419,366
,3420,3174
,3421,14746
,3422,6239
,3423,3730
,3424,266
,3425,1878
,3426,31563
,3427,11992
,3428,4295
,3429,8892
,3430,62761
,3431,4375
,3432,1462
,3433,7835
,3434,6777
,3435,8688
,3436,2352
,3437,46754
,3438,7715
,3439,5515
,3440,9103
,3441,69592
,3442,24432
,3443,7932
,3444,1778
,3445,59418
,3446,60203
,3447,116387
,3448,6300
,3449,19023
,3450,27284
,3451,1564
,3452,12342
,3453,3036
,3454,5337
,3455,1156
,3456,7343
,3457,49859
,3458,17186
,3459,13388
,3460,35306
,3461,1154
,3462,1689
,3463,4130
,3464,18407
,3465,9145
,3466,60789
,3467,41409
,3468,34592
,3469,4927
,3470,8598
,3471,1679
,3472,21655
,3473,46009
,3474,13884
,3475,3937
,3476,3946
,3477,31
,3478,668
,3479,20761
,3480,24599
,3481,2930
,3482,10296
,3483,35533
,3484,1780
,3485,4153
,3486,19170
,3487,1188
,3488,64904
,3489,10708
,3490,13004
,3491,3589
,3492,8889
,3493,12224
,3494,20321
,3495,6975
,3496,20228
,3497,4296
,3498,10806
,3499,1131
,3500,16119
,3501,1324
,3502,10890
,3503,20
,3504,29442
,3505,25
,3506,4895
,3507,8259
,3508,1088
,3509,27740
,3510,21575
,3511,1360
,3512,1729
,3513,1232
,3514,1799
,3515,2005
,3516,2566
,3517,2913
,3518,4002
,3519,10255
,3520,54104
,3521,1814
,3522,4531
,3523,3219
,3524,72398
,3525,13418
,3526,102290
,3527,3647
,3528,12599
,3529,22209
,3530,9963
,3531,2618
,3532,33779
,3533,46739
,3534,2735
,3535,28752
,3536,54944
,3537,10942
,3538,9664
,3539,49759
,3540,29547
,3541,22126
,3542,28298
,3543,5840
,3544,6957
,3545,7028
,3546,3970
,3547,10507
,3548,1236
,3549,4373
,3550,59495
,3551,21207
,3552,4921
,3553,6434
,3554,3425
,3555,11640
,3556,291
,3557,518
,3558,1993
,3559,926
,3560,1498
,3561,6594
,3562,10395
,3563,20558
,3564,18618
,3565,48174
,3566,28220
,3567,46122
,3568,1413
,3569,19549
,3570,4926
,3571,50209
,3572,13549
,3573,16326
,3574,6469
,3575,31812
,3576,2591
,3577,5385
,3578,2996
,3579,24082
,3580,5800
,3581,7158
,3582,6549
,3583,35648
,3584,3504
,3585,8722
,3586,27653
,3587,3557
,3588,3035
,3589,3779
,3590,119289
,3591,5848
,3592,17084
,3593,10443
,3594,2098
,3595,42247
,3596,40376
,3597,9968
,3598,10838
,3599,13578
,3600,1467
,3601,55260
,3602,30077
,3603,4366
,3604,4710
,3605,1092
,3606,27
,3607,15204
,3608,9166
,3609,22567
,3610,73932
,3611,6700
,3612,24696
,3613,1043
,3614,967
,3615,2766
,3616,726
,3617,22044
,3618,2395
,3619,1231
,3620,1133
,3621,566
,3622,1503
,3623,1396
,3624,529
,3625,3730
,3626,129
,3627,410
,3628,12835
,3629,4446
,3630,4933
,3631,1457
,3632,8065
,3633,8742
,3634,3933
,3635,8698
,3636,7179
,3637,2530
,3638,5750
,3639,714
,3640,16454
,3641,31625
,3642,46275
,3643,30647
,3644,6080
,3645,27916
,3646,20501
,3647,25737
,3648,171
,3649,297
,3650,904
,3651,10544
,3652,8874
,3653,45938
,3654,20132
,3655,24614
,3656,2506
,3657,10962
,3658,8481
,3659,29461
,3660,4588
,3661,4601
,3662,2631
,3663,20164
,3664,21525
,3665,14166
,3666,15734
,3667,17708
,3668,32919
,3669,17879
,3670,13651
,3671,11288
,3672,3411
,3673,66274
,3674,908
,3675,408
,3676,2483
,3677,12494
,3678,2463
,3679,6069
,3680,1326
,3681,217
,3682,37
,3683,1012
,3684,41020
,3685,4680
,3686,3089
,3687,13728
,3688,2612
,3689,6118
,3690,22806
,3691,61055
,3692,5619
,3693,1970
,3694,420
,3695,12768
,3696,25520
,3697,422
,3698,87
,3699,459
,3700,114
,3701,1075
,3702,754
,3703,44219
,3704,18411
,3705,4863
,3706,309
,3707,1243
,3708,54562
,3709,468
,3710,7964
,3711,1029
,3712,450
,3713,398
,3714,132
,3715,12
,3716,1162
,3717,2664
,3718,2471
,3719,3733
,3720,19175
,3721,2807
,3722,2355
,3723,8074
,3724,14999
,3725,6168
,3726,4182
,3727,1821
,3728,4234
,3729,554
,3730,5958
,3731,15026
,3732,67973
,3733,3447
,3734,13934
,3735,1060
,3736,79
,3737,3495
,3738,449
,3739,2169
,3740,6502
,3741,1038
,3742,462
,3743,2504
,3744,2193
,3745,1585
,3746,3892
,3747,830
,3748,757
,3749,5157
,3750,28585
,3751,5111
,3752,18254
,3753,1188
,3754,27563
,3755,25045
,3756,3775
,3757,4981
,3758,1990
,3759,4920
,3760,3013
,3761,2446
,3762,24817
,3763,3943
,3764,389
,3765,38539
,3766,3169
,3767,8135
,3768,86369
,3769,976
,3770,3508
,3771,8865
,3772,12698
,3773,846
,3774,21173
,3775,136
,3776,583
,3777,124
,3778,1589
,3779,3242
,3780,17453
,3781,5857
,3782,621
,3783,1431
,3784,829
,3785,392
,3786,16375
,3787,1585
,3788,471
,3789,2317
,3790,1083
,3791,50
,3792,100
,3793,427
,3794,394
,3795,767
,3796,829
,3797,453
,3798,81
,3799,1804
,3800,51
,3801,594
,3802,1104
,3803,2069
,3804,1654
,3805,1059
,3806,61
,3807,47109
,3808,20996
,3809,1262
,3810,1016
,3811,27
,3812,246
,3813,481
,3814,164
,3815,92
,3816,382
,3817,1128
,3818,140
,3819,461
,3820,100
,3821,176
,3822,400
,3823,1720
,3824,438
,3825,190
,3826,72
,3827,51
,3828,58
,3829,207
,3830,407
,3831,29171
,3832,620
,3833,8575
,3834,223
,3835,2577
,3836,17046
,3837,9950
,3838,1754
,3839,15216
,3840,2149
,3841,350
,3842,6765
,3843,76
,3844,1515
,3845,2399
,3846,431
,3847,1394
,3848,34706
,3849,12563
,3850,12422
,3851,13211
,3852,4605
,3853,60464
,3854,7516
,3855,7437
,3856,63034
,3857,6646
,3858,5996
,3859,931
,3860,633
,3861,2893
,3862,559
,3863,2211
,3864,2031
,3865,234
,3866,381
,3867,731
,3868,1052
,3869,1384
,3870,5006
,3871,680
,3872,587
,3873,837
,3874,1774
,3875,24054
,3876,782
,3877,451
,3878,723
,3879,344
,3880,2782
,3881,525
,3882,1267
,3883,5184
,3884,8542
,3885,4478
,3886,1395
,3887,1065
,3888,144
,3889,225
,3890,632
,3891,4522
,3892,7087
,3893,1917
,3894,61477
,3895,22447
,3896,2990
,3897,62241
,3898,8892
,3899,1839
,3900,1631
,3901,14815
,3902,10237
,3903,2444
,3904,18289
,3905,26006
,3906,118548
,3907,8613
,3908,26612
,3909,57343
,3910,27063
,3911,13180
,3912,17230
,3913,17252
,3914,40484
,3915,3066
,3916,56033
,3917,3968
,3918,25283
,3919,10263
,3920,22381
,3921,2942
,3922,4545
,3923,3438
,3924,20584
,3925,39319
,3926,24427
,3927,24354
,3928,5398
,3929,8555
,3930,3531
,3931,10125
,3932,3398
,3933,667
,3934,4897
,3935,1523
,3936,22781
,3937,8460
,3938,4435
,3939,411
,3940,1183
,3941,4684
,3942,14024
,3943,1301
,3944,252
,3945,1583
,3946,4496
,3947,16214
,3948,14548
,3949,40001
,3950,5187
,3951,39873
,3952,1482
,3953,2130
,3954,3631
,3955,25817
,3956,2900
,3957,7816
,3958,39604
,3959,35995
,3960,25706
,3961,22222
,3962,21759
,3963,26976
,3964,10250
,3965,6171
,3966,6273
,3967,10593
,3968,17447
,3969,14513
,3970,20700
,3971,3422
,3972,680
,3973,16419
,3974,12943
,3975,8215
,3976,5638
,3977,44511
,3978,30073
,3979,159
,3980,18328
,3981,12395
,3982,8253
,3983,2767
,3984,3439
,3985,3345
,3986,2389
,3987,42812
,3988,311
,3989,3012
,3990,6865
,3991,7911
,3992,28313
,3993,7758
,3994,393
,3995,1387
,3996,1344
,3997,6372
,3998,819
,3999,1004
,4000,1568
,4001,944
,4002,940
,4003,6192
,4004,1060
,4005,15268
,4006,11179
,4007,135
,4008,474
,4009,186
,4010,423
,4011,963
,4012,262
,4013,1583
,4014,323
,4015,1535
,4016,1480
,4017,2110
,4018,4094
,4019,1506
,4020,4125
,4021,391
,4022,2752
,4023,387
,4024,64
,4025,1265
,4026,2553
,4027,4652
,4028,229
,4029,6906
,4030,6
,4031,49
,4032,68
,4033,475
,4034,89
,4035,388
,4036,3906
,4037,11807
,4038,5069
,4039,1988
,4040,711
,4041,4670
,4042,8069
,4043,6472
,4044,2330
,4045,307
,4046,1517
,4047,1590
,4048,9544
,4049,4651
,4050,2983
,4051,3806
,4052,2023
,4053,4863
,4054,3029
,4055,7719
,4056,3437
,4057,2309
,4058,36701
,4059,74890
,4060,4881
,4061,21202
,4062,12575
,4063,12489
,4064,6407
,4065,11366
,4066,3506
,4067,1347
,4068,17333
,4069,2117
,4070,4853
,4071,2148
,4072,1967
,4073,3679
,4074,40304
,4075,8953
,4076,10938
,4077,90899
,4078,14833
,4079,39078
,4080,6180
,4081,28852
,4082,8499
,4083,13133
,4084,3333
,4085,585
,4086,2639
,4087,13197
,4088,7297
,4089,21507
,4090,13103
,4091,21593
,4092,63874
,4093,33283
,4094,7077
,4095,2255
,4096,77335
,4097,8285
,4098,46974
,4099,9605
,4100,6207
,4101,3252
,4102,15981
,4103,12729
,4104,17956
,4105,7045
,4106,14118
,4107,12680
,4108,10711
,4109,1248
,4110,7035
,4111,44848
,4112,18898
,4113,5294
,4114,5873
,4115,74569
,4116,8373
,4117,6518
,4118,22422
,4119,15693
,4120,11282
,4121,11273
,4122,7075
,4123,28367
,4124,3046
,4125,18899
,4126,16297
,4127,21068
,4128,13782
,4129,57538
,4130,9927
,4131,2647
,4132,23693
,4133,24884
,4134,15003
,4135,7560
,4136,2813
,4137,16385
,4138,583
,4139,7489
,4140,31062
,4141,2453
,4142,799
,4143,1271
,4144,2374
,4145,22630
,4146,2384
,4147,10016
,4148,2537
,4149,1402
,4150,22895
,4151,225
,4152,94282
,4153,9825
,4154,1361
,4155,25143
,4156,1558
,4157,2673
,4158,2309
,4159,3061
,4160,9172
,4161,1971
,4162,37048
,4163,3813
,4164,10701
,4165,32086
,4166,20491
,4167,2116
,4168,28608
,4169,18114
,4170,23573
,4171,14011
,4172,10353
,4173,25333
,4174,59978
,4175,26283
,4176,36213
,4177,32765
,4178,4097
,4179,16639
,4180,22728
,4181,8173
,4182,42871
,4183,2433
,4184,5080
,4185,24363
,4186,22481
,4187,112881
,4188,4840
,4189,30168
,4190,86729
,4191,16500
,4192,26609
,4193,66698
,4194,61505
,4195,11684
,4196,628
,4197,20352
,4198,20557
,4199,22818
,4200,6302
,4201,3467
,4202,13693
,4203,7003
,4204,7001
,4205,7199
,4206,52337
,4207,6038
,4208,3118
,4209,1503
,4210,406
,4211,665
,4212,14032
,4213,2986
,4214,18225
,4215,8048
,4216,1436
,4217,4389
,4218,20501
,4219,1983
,4220,6613
,4221,675
,4222,936
,4223,2614
,4224,25668
,4225,1309
,4226,3524
,4227,236
,4228,4042
,4229,5660
,4230,41688
,4231,1671
,4232,26041
,4233,18282
,4234,25115
,4235,16112
,4236,10362
,4237,45905
,4238,71926
,4239,28342
,4240,4788
,4241,28581
,4242,15246
,4243,9551
,4244,29671
,4245,9427
,4246,19410
,4247,3801
,4248,5319
,4249,66041
,4250,15292
,4251,593
,4252,10218
,4253,10966
,4254,60
,4255,1262
,4256,13901
,4257,1483
,4258,14747
,4259,4450
,4260,9543
,4261,62693
,4262,1294
,4263,2673
,4264,6148
,4265,3107
,4266,2521
,4267,3433
,4268,11183
,4269,30231
,4270,50254
,4271,48896
,4272,436
,4273,47913
,4274,24344
,4275,40687
,4276,1320
,4277,21910
,4278,15453
,4279,3783
,4280,10059
,4281,7905
,4282,17078
,4283,9918
,4284,2076
,4285,20305
,4286,423
,4287,8808
,4288,7829
,4289,36201
,4290,22772
,4291,5257
,4292,2813
,4293,454
,4294,12797
,4295,1604
,4296,1188
,4297,2106
,4298,88
,4299,285
,4300,71
,4301,3055
,4302,444
,4303,400
,4304,664
,4305,6348
,4306,224
,4307,11127
,4308,1129
,4309,418
,4310,3640
,4311,281
,4312,82
,4313,4025
,4314,4260
,4315,4163
,4316,416
,4317,118
,4318,960
,4319,219
,4320,1927
,4321,12066
,4322,539
,4323,2379
,4324,2223
,4325,1168
,4326,1285
,4327,968
,4328,283
,4329,3330
,4330,21593
,4331,3537
,4332,5242
,4333,31277
,4334,431
,4335,6516
,4336,11335
,4337,3617
,4338,498
,4339,7481
,4340,5091
,4341,16797
,4342,1559
,4343,1235
,4344,12932
,4345,8227
,4346,22639
,4347,1106
,4348,785
,4349,102
,4350,1127
,4351,347
,4352,38
,4353,7
,4354,2
,4355,204
,4356,35
,4357,1098
,4358,13
,4359,2162
,4360,285
,4361,498
,4362,13055
,4363,2060
,4364,264
,4365,1408
,4366,406
,4367,243
,4368,1394
,4369,326
,4370,598
,4371,3595
,4372,256
,4373,1280
,4374,3415
,4375,4797
,4376,166
,4377,1042
,4378,309
,4379,182
,4380,392
,4381,592
,4382,1888
,4383,769
,4384,2521
,4385,289
,4386,810
,4387,7872
,4388,1268
,4389,150
,4390,3877
,4391,381
,4392,1351
,4393,12511
,4394,260
,4395,356
,4396,451
,4397,1095
,4398,2905
,4399,14644
,4400,1583
,4401,853
,4402,224
,4403,999
,4404,172
,4405,749
,4406,921
,4407,688
,4408,682
,4409,2420
,4410,525
,4411,2852
,4412,1257
,4413,415
,4414,2108
,4415,36092
,4416,1257
,4417,21020
,4418,32
,4419,2831
,4420,1156
,4421,609
,4422,3557
,4423,5885
,4424,1024
,4425,2098
,4426,295
,4427,1591
,4428,1000
,4429,887
,4430,1205
,4431,1864
,4432,273
,4433,1481
,4434,1678
,4435,4756
,4436,1514
,4437,764
,4438,4923
,4439,3087
,4440,1660
,4441,570
,4442,51270
,4443,3756
,4444,982
,4445,5031
,4446,6404
,4447,2725
,4448,270
,4449,150
,4450,535
,4451,3406
,4452,2178
,4453,2737
,4454,5095
,4455,1740
,4456,289
,4457,4068
,4458,1855
,4459,1750
,4460,99666
,4461,5014
,4462,889
,4463,4164
,4464,3665
,4465,8461
,4466,9103
,4467,6293
,4468,7632
,4469,8976
,4470,1950
,4471,2823
,4472,5809
,4473,2848
,4474,10549
,4475,28285
,4476,520
,4477,487
,4478,4026
,4479,7519
,4480,2829
,4481,23743
,4482,467
,4483,28004
,4484,3799
,4485,5669
,4486,267
,4487,21579
,4488,3690
,4489,407
,4490,1500
,4491,3495
,4492,24430
,4493,5164
,4494,2591
,4495,2195
,4496,4525
,4497,4697
,4498,5212
,4499,4623
,4500,7028
,4501,8211
,4502,2974
,4503,25334
,4504,28040
,4505,2534
,4506,1215
,4507,4312
,4508,23915
,4509,11787
,4510,46810
,4511,5707
,4512,44774
,4513,9705
,4514,4160
,4515,142
,4516,119
,4517,832
,4518,6477
,4519,422
,4520,19193
,4521,132
,4522,33132
,4523,1425
,4524,1720
,4525,18581
,4526,3018
,4527,3738
,4528,2567
,4529,6553
,4530,430
,4531,282
,4532,476
,4533,3263
,4534,511
,4535,2588
,4536,5029
,4537,2071
,4538,3637
,4539,2776
,4540,5262
,4541,12591
,4542,5867
,4543,4371
,4544,335
,4545,95056
,4546,10966
,4547,62364
,4548,11957
,4549,21076
,4550,25100
,4551,9838
,4552,3730
,4553,38986
,4554,9874
,4555,54397
,4556,9594
,4557,4128
,4558,24073
,4559,4092
,4560,25504
,4561,40631
,4562,23024
,4563,3657
,4564,7481
,4565,25378
,4566,16414
,4567,23146
,4568,2514
,4569,566
,4570,8396
,4571,7965
,4572,52032
,4573,23025
,4574,10858
,4575,1159
,4576,4451
,4577,4430
,4578,5210
,4579,65170
,4580,9747
,4581,13529
,4582,15742
,4583,22121
,4584,56185
,4585,37051
,4586,12994
,4587,28015
,4588,22094
,4589,9195
,4590,2447
,4591,2831
,4592,8756
,4593,16221
,4594,5107
,4595,29242
,4596,2138
,4597,17318
,4598,19705
,4599,11081
,4600,29809
,4601,68468
,4602,12913
,4603,23396
,4604,14533
,4605,11065
,4606,39599
,4607,15721
,4608,61100
,4609,23299
,4610,28372
,4611,115805
,4612,124190
,4613,30702
,4614,81004
,4615,41482
,4616,32399
,4617,9655
,4618,142311
,4619,9655
,4620,31104
,4621,6030
,4622,22592
,4623,62939
,4624,28579
,4625,35656
,4626,34980
,4627,4875
,4628,57462
,4629,81972
,4630,12909
,4631,8769
,4632,371
,4633,12679
,4634,348
,4635,1142
,4636,1182
,4637,439
,4638,480
,4639,288
,4640,1143
,4641,13903
,4642,2984
,4643,2287
,4644,1093
,4645,2322
,4646,1997
,4647,3252
,4648,233
,4649,19669
,4650,1074
,4651,1717
,4652,1901
,4653,2469
,4654,1832
,4655,9005
,4656,1073
,4657,2174
,4658,272
,4659,5018
,4660,1465
,4661,64
,4662,202
,4663,862
,4664,644
,4665,4867
,4666,546
,4667,6066
,4668,23968
,4669,3341
,4670,338
,4671,85367
,4672,1127
,4673,2491
,4674,7201
,4675,12505
,4676,35346
,4677,14510
,4678,1478
,4679,10103
,4680,23586
,4681,26436
,4682,1857
,4683,24800
,4684,4033
,4685,7532
,4686,18221
,4687,40173
,4688,4749
,4689,23662
,4690,5478
,4691,24152
,4692,3743
,4693,7608
,4694,11779
,4695,7404
,4696,40169
,4697,1771
,4698,2360
,4699,6070
,4700,9220
,4701,4376
,4702,20013
,4703,11169
,4704,3132
,4705,26793
,4706,10641
,4707,11079
,4708,213
,4709,1105
,4710,25616
,4711,20342
,4712,2657
,4713,5252
,4714,311
,4715,1245
,4716,38543
,4717,3947
,4718,5577
,4719,43439
,4720,861
,4721,1770
,4722,26535
,4723,57725
,4724,28048
,4725,1766
,4726,571
,4727,6015
,4728,22416
,4729,16632
,4730,5024
,4731,2643
,4732,5785
,4733,7250
,4734,24239
,4735,3204
,4736,4330
,4737,18832
,4738,968
,4739,3097
,4740,8610
,4741,15558
,4742,68272
,4743,31132
,4744,1964
,4745,5917
,4746,3609
,4747,3772
,4748,7511
,4749,17573
,4750,2954
,4751,7597
,4752,5900
,4753,34669
,4754,4244
,4755,1039
,4756,5608
,4757,13615
,4758,8073
,4759,33525
,4760,58472
,4761,7136
,4762,9677
,4763,1285
,4764,19732
,4765,23989
,4766,70400
,4767,31264
,4768,2813
,4769,9100
,4770,12049
,4771,5177
,4772,1698
,4773,374
,4774,264
,4775,1214
,4776,755
,4777,398
,4778,5117
,4779,35598
,4780,264
,4781,1883
,4782,3788
,4783,6290
,4784,50794
,4785,2911
,4786,8680
,4787,3284
,4788,768
,4789,405
,4790,9222
,4791,3900
,4792,3651
,4793,1924
,4794,12520
,4795,232
,4796,267
,4797,157
,4798,114
,4799,6889
,4800,2116
,4801,113
,4802,691
,4803,1642
,4804,1292
,4805,1588
,4806,12155
,4807,6937
,4808,9204
,4809,9246
,4810,24681
,4811,5595
,4812,752
,4813,1720
,4814,165
,4815,692
,4816,253
,4817,35726
,4818,1618
,4819,695
,4820,86
,4821,5409
,4822,80
,4823,24
,4824,266
,4825,187
,4826,504
,4827,973
,4828,33224
,4829,3865
,4830,2925
,4831,11093
,4832,1405
,4833,787
,4834,3819
,4835,66
,4836,4
,4837,966
,4838,15966
,4839,3215
,4840,4888
,4841,2611
,4842,35208
,4843,622
,4844,2283
,4845,6954
,4846,590
,4847,703
,4848,38667
,4849,5266
,4850,15518
,4851,2671
,4852,1484
,4853,2840
,4854,14239
,4855,4364
,4856,8543
,4857,5215
,4858,9673
,4859,6903
,4860,6450
,4861,5052
,4862,26817
,4863,59363
,4864,25371
,4865,9233
,4866,21704
,4867,8299
,4868,4461
,4869,2179
,4870,556
,4871,1527
,4872,3342
,4873,6253
,4874,7278
,4875,218
,4876,7057
,4877,9153
,4878,5876
,4879,5079
,4880,8692
,4881,23613
,4882,7041
,4883,22331
,4884,5945
,4885,21178
,4886,1822
,4887,337
,4888,2303
,4889,14645
,4890,1087
,4891,2301
,4892,9042
,4893,4999
,4894,13373
,4895,11887
,4896,40350
,4897,12119
,4898,33764
,4899,17604
,4900,36845
,4901,5612
,4902,1456
,4903,1354
,4904,7140
,4905,418
,4906,6137
,4907,1474
,4908,27773
,4909,2240
,4910,3324
,4911,7943
,4912,6539
,4913,7768
,4914,4915
,4915,5350
,4916,6307
,4917,16195
,4918,19975
,4919,81545
,4920,24409
,4921,1213
,4922,2004
,4923,2546
,4924,24259
,4925,3323
,4926,4152
,4927,216
,4928,284
,4929,2087
,4930,8171
,4931,2772
,4932,4981
,4933,285
,4934,5441
,4935,295
,4936,2891
,4937,2940
,4938,2915
,4939,4185
,4940,10039
,4941,4930
,4942,39317
,4943,1903
,4944,16160
,4945,20000
,4946,12330
,4947,1867
,4948,453
,4949,1437
,4950,2683
,4951,16494
,4952,13581
,4953,9102
,4954,23160
,4955,15157
,4956,40555
,4957,3540
,4958,24568
,4959,8920
,4960,2223
,4961,4249
,4962,2406
,4963,1908
,4964,12645
,4965,3306
,4966,23781
,4967,988
,4968,1041
,4969,6854
,4970,51114
,4971,1253
,4972,2667
,4973,1919
,4974,4943
,4975,378
,4976,202
,4977,766
,4978,245
,4979,512
,4980,14653
,4981,19693
,4982,16272
,4983,4296
,4984,1324
,4985,1476
,4986,8399
,4987,14148
,4988,7907
,4989,695
,4990,257
,4991,474
,4992,998
,4993,1395
,4994,2355
,4995,592
,4996,270
,4997,13112
,4998,5245
,4999,5920
,5000,154
,5001,971
,5002,6718
,5003,4446
,5004,392
,5005,702
,5006,27590
,5007,51
,5008,68
,5009,40
,5010,9430
,5011,9187
,5012,135
,5013,19
,5014,951
,5015,229
,5016,12172
,5017,772
,5018,4285
,5019,146
,5020,462
,5021,13300
,5022,327
,5023,608
,5024,26
,5025,234
,5026,901
,5027,17411
,5028,510
,5029,113
,5030,434
,5031,201
,5032,203
,5033,754
,5034,7653
,5035,1965
,5036,730
,5037,1133
,5038,3794
,5039,839
,5040,4072
,5041,1838
,5042,634
,5043,368
,5044,50
,5045,406
,5046,8649
,5047,301
,5048,313
,5049,216
,5050,1851
,5051,1432
,5052,2645
,5053,891
,5054,466
,5055,2046
,5056,2128
,5057,6673
,5058,7843
,5059,17288
,5060,3878
,5061,2519
,5062,6934
,5063,4899
,5064,398
,5065,6904
,5066,41454
,5067,3270
,5068,4327
,5069,25343
,5070,4450
,5071,33742
,5072,11857
,5073,12997
,5074,5583
,5075,3145
,5076,2042
,5077,79
,5078,12793
,5079,2754
,5080,15364
,5081,8638
,5082,17503
,5083,2070
,5084,354
,5085,217
,5086,2436
,5087,18138
,5088,27574
,5089,3313
,5090,17984
,5091,6260
,5092,7648
,5093,103428
,5094,2724
,5095,5527
,5096,3639
,5097,4213
,5098,1079
,5099,1146
,5100,18789
,5101,21185
,5102,74014
,5103,148542
,5104,8337
,5105,2154
,5106,778
,5107,4540
,5108,3496
,5109,5655
,5110,36400
,5111,37980
,5112,37800
,5113,15375
,5114,18923
,5115,3335
,5116,38079
,5117,1893
,5118,348
,5119,589
,5120,741
,5121,1265
,5122,478
,5123,1304
,5124,777
,5125,1519
,5126,10292
,5127,2151
,5128,4718
,5129,1041
,5130,1731
,5131,4101
,5132,6665
,5133,1634
,5134,277
,5135,3312
,5136,1583
,5137,488
,5138,683
,5139,22
,5140,0
,5141,117
,5142,455
,5143,484
,5144,4718
,5145,343
,5146,1027
,5147,1289
,5148,16301
,5149,10332
,5150,1266
,5151,640
,5152,11722
,5153,2546
,5154,6599
,5155,10407
,5156,5100
,5157,1264
,5158,6149
,5159,2495
,5160,1497
,5161,4225
,5162,33286
,5163,3222
,5164,18081
,5165,5021
,5166,26534
,5167,123
,5168,36428
,5169,73
,5170,8492
,5171,1810
,5172,1152
,5173,83819
,5174,20637
,5175,10598
,5176,7868
,5177,3113
,5178,14014
,5179,1102
,5180,20300
,5181,4218
,5182,28490
,5183,19980
,5184,13443
,5185,6346
,5186,795
,5187,7222
,5188,548
,5189,250
,5190,623
,5191,570
,5192,217
,5193,578
,5194,532
,5195,1210
,5196,1537
,5197,439
,5198,2911
,5199,889
,5200,1358
,5201,822
,5202,24707
,5203,463
,5204,1441
,5205,1613
,5206,491
,5207,1002
,5208,544
,5209,1515
,5210,520
,5211,14132
,5212,29354
,5213,5100
,5214,1024
,5215,2305
,5216,2991
,5217,7676
,5218,4207
,5219,9554
,5220,1448
,5221,2828
,5222,1235
,5223,2458
,5224,3729
,5225,20866
,5226,135
,5227,371
,5228,2120
,5229,30540
,5230,9713
,5231,55226
,5232,6434
,5233,2156
,5234,297
,5235,4538
,5236,1670
,5237,19228
,5238,2895
,5239,10028
,5240,2742
,5241,26730
,5242,1950
,5243,11958
,5244,5788
,5245,1576
,5246,1194
,5247,1090
,5248,720
,5249,589
,5250,2394
,5251,690
,5252,673
,5253,1562
,5254,48
,5255,50
,5256,392
,5257,63
,5258,236
,5259,1335
,5260,386
,5261,115
,5262,2164
,5263,6
,5264,1829
,5265,1586
,5266,1955
,5267,1846
,5268,1091
,5269,1030
,5270,1555
,5271,1718
,5272,2268
,5273,4583
,5274,2033
,5275,1146
,5276,2358
,5277,3012
,5278,1627
,5279,816
,5280,567
,5281,1527
,5282,20704
,5283,12968
,5284,3107
,5285,80
,5286,470
,5287,3071
,5288,231
,5289,1114
,5290,1242
,5291,14003
,5292,15895
,5293,4264
,5294,23064
,5295,74822
,5296,16490
,5297,94924
,5298,13434
,5299,5878
,5300,5393
,5301,9271
,5302,37984
,5303,8061
,5304,2963
,5305,26874
,5306,9180
,5307,16486
,5308,2804
,5309,2477
,5310,4711
,5311,18885
,5312,2379
,5313,3373
,5314,77320
,5315,4842
,5316,3256
,5317,285
,5318,5343
,5319,1052
,5320,19361
,5321,716
,5322,2626
,5323,4022
,5324,361
,5325,4987
,5326,12729
,5327,1811
,5328,5339
,5329,14940
,5330,13216
,5331,24754
,5332,22336
,5333,11832
,5334,1502
,5335,34055
,5336,12357
,5337,5048
,5338,52392
,5339,44507
,5340,14850
,5341,19709
,5342,37506
,5343,10774
,5344,14711
,5345,5326
,5346,10305
,5347,2053
,5348,3018
,5349,12331
,5350,10127
,5351,1900
,5352,1275
,5353,21793
,5354,2287
,5355,2009
,5356,2381
,5357,1000
,5358,646
,5359,402
,5360,992
,5361,15297
,5362,2534
,5363,1166
,5364,2326
,5365,694
,5366,5476
,5367,814
,5368,2587
,5369,920
,5370,45156
,5371,9824
,5372,1164
,5373,709
,5374,1249
,5375,12008
,5376,179
,5377,3024
,5378,3198
,5379,707
,5380,208
,5381,1722
,5382,58
,5383,906
,5384,159
,5385,11012
,5386,2183
,5387,3161
,5388,3453
,5389,3619
,5390,8519
,5391,3713
,5392,213
,5393,803
,5394,105
,5395,452
,5396,1620
,5397,13637
,5398,1184
,5399,1857
,5400,2040
,5401,18551
,5402,1490
,5403,1010
,5404,107
,5405,4491
,5406,346
,5407,70
,5408,571
,5409,1921
,5410,8922
,5411,16708
,5412,2125
,5413,668
,5414,9056
,5415,3284
,5416,811
,5417,23178
,5418,10873
,5419,3617
,5420,42247
,5421,18852
,5422,24718
,5423,37768
,5424,15397
,5425,3648
,5426,4974
,5427,123
,5428,879
,5429,687
,5430,4080
,5431,2687
,5432,2350
,5433,1363
,5434,3710
,5435,24403
,5436,11035
,5437,2416
,5438,38275
,5439,9657
,5440,5337
,5441,13334
,5442,64918
,5443,17939
,5444,16254
,5445,945
,5446,24984
,5447,5799
,5448,2021
,5449,1179
,5450,777
,5451,913
,5452,1288
,5453,3166
,5454,1359
,5455,5139
,5456,15490
,5457,15392
,5458,3754
,5459,1404
,5460,818
,5461,2701
,5462,1410
,5463,388
,5464,886
,5465,1139
,5466,3214
,5467,1636
,5468,1254
,5469,2498
,5470,638
,5471,695
,5472,139
,5473,777
,5474,187
,5475,341
,5476,273
,5477,2320
,5478,493
,5479,20703
,5480,8817
,5481,8149
,5482,39012
,5483,1771
,5484,8264
,5485,2102
,5486,2672
,5487,16969
,5488,2181
,5489,3933
,5490,5661
,5491,44008
,5492,19030
,5493,38358
,5494,8345
,5495,2997
,5496,37851
,5497,33938
,5498,292
,5499,243
,5500,878
,5501,10387
,5502,13776
,5503,11129
,5504,2453
,5505,7376
,5506,732
,5507,13030
,5508,617
,5509,373
,5510,269
,5511,937
,5512,2303
,5513,1328
,5514,960
,5515,367
,5516,249
,5517,219
,5518,2045
,5519,64
,5520,14446
,5521,6473
,5522,2803
,5523,15403
,5524,348
,5525,18663
,5526,8352
,5527,5738
,5528,10578
,5529,12585
,5530,2813
,5531,2800
,5532,17708
,5533,2105
,5534,1569
,5535,5523
,5536,41
,5537,776
,5538,583
,5539,1154
,5540,2592
,5541,4860
,5542,478
,5543,2630
,5544,15275
,5545,995
,5546,999
,5547,463
,5548,1122
,5549,2381
,5550,1353
,5551,1648
,5552,8227
,5553,2819
,5554,20360
,5555,14116
,5556,2898
,5557,1440
,5558,3450
,5559,616
,5560,798
,5561,18800
,5562,21196
,5563,9348
,5564,4096
,5565,21761
,5566,1795
,5567,804
,5568,1371
,5569,7121
,5570,5532
,5571,12714
,5572,798
,5573,32236
,5574,31472
,5575,11508
,5576,77331
,5577,7789
,5578,1895
,5579,12325
,5580,8092
,5581,12238
,5582,30401
,5583,21064
,5584,1092
,5585,6958
,5586,386
,5587,2526
,5588,650
,5589,2715
,5590,7081
,5591,349
,5592,15122
,5593,20487
,5594,5416
,5595,3642
,5596,4109
,5597,30787
,5598,2789
,5599,82384
,5600,5747
,5601,2057
,5602,1512
,5603,30864
,5604,1355
,5605,2679
,5606,19944
,5607,6563
,5608,3234
,5609,1190
,5610,13578
,5611,2520
,5612,1466
,5613,6862
,5614,4532
,5615,1662
,5616,1152
,5617,15219
,5618,549
,5619,4103
,5620,822
,5621,1987
,5622,1500
,5623,612
,5624,883
,5625,930
,5626,1942
,5627,939
,5628,157
,5629,481
,5630,34642
,5631,8965
,5632,5490
,5633,10904
,5634,4393
,5635,2403
,5636,1614
,5637,724
,5638,1345
,5639,1462
,5640,1877
,5641,511
,5642,2580
,5643,30079
,5644,19984
,5645,17997
,5646,1197
,5647,627
,5648,179
,5649,1794
,5650,372
,5651,1219
,5652,1562
,5653,1511
,5654,108
,5655,2895
,5656,538
,5657,1140
,5658,510
,5659,1715
,5660,18541
,5661,1215
,5662,44043
,5663,1628
,5664,1440
,5665,2998
,5666,1860
,5667,2
,5668,199
,5669,424
,5670,3127
,5671,20719
,5672,475
,5673,731
,5674,154
,5675,1060
,5676,663
,5677,819
,5678,323
,5679,932
,5680,527
,5681,920
,5682,14066
,5683,2806
,5684,3185
,5685,945
,5686,142
,5687,557
,5688,551
,5689,334
,5690,862
,5691,640
,5692,241
,5693,219
,5694,18773
,5695,24102
,5696,458
,5697,175
,5698,4886
,5699,1222
,5700,1575
,5701,12017
,5702,1379
,5703,11175
,5704,9974
,5705,6997
,5706,10975
,5707,8037
,5708,17069
,5709,4504
,5710,1584
,5711,57511
,5712,37327
,5713,3553
,5714,1724
,5715,4881
,5716,3037
,5717,6557
,5718,23648
,5719,12736
,5720,12564
,5721,19980
,5722,3723
,5723,10994
,5724,5933
,5725,67671
,5726,1990
,5727,2401
,5728,1693
,5729,1800
,5730,27307
,5731,7119
,5732,3114
,5733,7345
,5734,17587
,5735,18102
,5736,62171
,5737,31499
,5738,5300
,5739,14502
,5740,2696
,5741,9062
,5742,7300
,5743,28622
,5744,3538
,5745,18971
,5746,36030
,5747,10538
,5748,6186
,5749,22709
,5750,7587
,5751,21160
,5752,15949
,5753,13858
,5754,16713
,5755,28991
,5756,20798
,5757,56810
,5758,48227
,5759,73557
,5760,9691
,5761,18741
,5762,13143
,5763,10071
,5764,12689
,5765,28628
,5766,19649
,5767,179950
,5768,28724
,5769,27056
,5770,6947
,5771,6569
,5772,1055
,5773,5020
,5774,19868
,5775,4642
,5776,19215
,5777,348
,5778,4492
,5779,1732
,5780,16034
,5781,1453
,5782,101
,5783,2472
,5784,1537
,5785,369
,5786,19698
,5787,2761
,5788,5765
,5789,7243
,5790,1889
,5791,4688
,5792,1934
,5793,17333
,5794,5864
,5795,42860
,5796,39349
,5797,8557
,5798,5946
,5799,14774
,5800,14836
,5801,65468
,5802,7805
,5803,5107
,5804,39474
,5805,294
,5806,1495
,5807,3972
,5808,10952
,5809,7183
,5810,14080
,5811,93695
,5812,10808
,5813,19208
,5814,802
,5815,4247
,5816,3523
,5817,3993
,5818,21767
,5819,36606
,5820,9365
,5821,9697
,5822,18086
,5823,14719
,5824,8797
,5825,5281
,5826,12980
,5827,2751
,5828,3045
,5829,51546
,5830,3546
,5831,5033
,5832,3412
,5833,21639
,5834,4444
,5835,4150
,5836,1358
,5837,7024
,5838,14777
,5839,4553
,5840,24436
,5841,8090
,5842,36148
,5843,16128
,5844,3822
,5845,13096
,5846,3493
,5847,2577
,5848,10419
,5849,6903
,5850,80423
,5851,5427
,5852,5806
,5853,5560
,5854,19922
,5855,3547
,5856,1766
,5857,438
,5858,1072
,5859,3341
,5860,20142
,5861,2531
,5862,18279
,5863,3166
,5864,34966
,5865,2526
,5866,3113
,5867,36776
,5868,1986
,5869,9532
,5870,3374
,5871,721
,5872,10175
,5873,3691
,5874,561
,5875,1759
,5876,3076
,5877,4807
,5878,15639
,5879,22931
,5880,9534
,5881,2776
,5882,14883
,5883,2455
,5884,43392
,5885,3706
,5886,6956
,5887,5562
,5888,1108
,5889,6555
,5890,216
,5891,452
,5892,108
,5893,776
,5894,32501
,5895,7426
,5896,13329
,5897,9189
,5898,1855
,5899,13578
,5900,919
,5901,392
,5902,244
,5903,1386
,5904,1785
,5905,9128
,5906,8082
,5907,21071
,5908,1791
,5909,5216
,5910,1175
,5911,1859
,5912,954
,5913,813
,5914,31
,5915,509
,5916,2238
,5917,2393
,5918,2698
,5919,1444
,5920,2269
,5921,84
,5922,1377
